created_at,entry_id,field1,field2,field3,field4,field5,field6
2017-04-03 01:30:00 UTC,1,0.41,38.03,88.0,27,77.53585369999998,12.9331591
2017-04-03 01:45:00 UTC,2,0.41,38.03,87.03,23,77.53585369999998,12.9331591
2017-04-03 02:00:00 UTC,3,0.42,33.44,85.56,27,77.5370419,12.9335261
2017-04-03 02:15:00 UTC,4,0.4,24.27,83.78,24,77.5415656,12.932288
2017-04-03 02:30:00 UTC,5,0.39,24.27,81.97,25,77.5455963,12.9311585
2017-04-03 02:45:00 UTC,6,0.38,24.27,80.28,26,77.53668359999999,12.9342149
2017-04-03 03:00:00 UTC,7,0.41,26.3,77.42,24,77.6208559,12.927313999999999
2017-04-03 03:15:00 UTC,8,0.41,30.56,74.23,24,77.6215273,12.9273019
2017-04-03 03:30:00 UTC,9,0.43,30.56,70.92,35,77.6215535,12.927409800000001
2017-04-03 03:45:00 UTC,10,0.36,30.56,69.64,35,77.62162140000001,12.926589
2017-04-03 04:00:00 UTC,11,0.39,32.56,66.76,32,77.6214825,12.9274323
2017-04-03 04:15:00 UTC,12,0.43,36.77,64.26,33,77.6215464,12.9288756
2017-04-03 04:45:00 UTC,13,0.46,36.77,58.97,32,77.6223775,12.9304763
2017-04-03 05:00:00 UTC,14,0.46,34.62,56.97,33,77.6225119,12.9312178
2017-04-03 05:15:00 UTC,15,0.44,30.33,52.95,30,77.6241336,12.935066699999998
2017-04-03 04:30:00 UTC,16,0.48,30.33,49.98,34,77.62416479999999,12.935111099999999
2017-04-03 05:45:00 UTC,17,0.56,30.33,47.41,31,77.626099,12.936701300000001
2017-04-03 06:00:00 UTC,18,0.57,32.91,43.19,30,77.6281139,12.9359064
2017-04-03 06:15:00 UTC,19,0.6,37.58,38.44,35,77.6333144,12.929896699999999
2017-04-03 05:30:00 UTC,20,0.56,37.58,37.57,32,77.63748709999999,12.925148
2017-04-03 06:45:00 UTC,21,0.33,37.58,34.37,30,77.64011500000001,12.923829099999999
2017-04-03 07:00:00 UTC,22,0.36,38.44,32.91,33,77.6458307,12.9245381
2017-04-03 07:15:00 UTC,23,0.37,40.35,29.85,35,77.652599,12.9242673
2017-04-03 07:30:00 UTC,24,0.37,40.35,29.66,35,77.6564075,12.923387
2017-04-03 07:45:00 UTC,25,0.37,40.35,28.98,34,77.6608443,12.921877
2017-04-03 08:00:00 UTC,26,0.36,40.9,27.03,31,77.6617824,12.9216405
2017-04-03 08:15:00 UTC,27,0.34,42.12,25.53,30,77.6623187,12.921501800000001
2017-04-03 08:30:00 UTC,28,0.34,42.12,23.65,30,77.6630196,12.921303199999999
2017-04-03 08:45:00 UTC,29,0.34,42.12,23.39,35,77.66337109999999,12.9212221
2017-04-03 09:00:00 UTC,30,0.34,39.43,22.51,30,77.66516159999999,12.9208757
2017-04-03 09:15:00 UTC,31,0.31,33.76,21.43,35,77.6681559,12.922248
2017-04-03 09:30:00 UTC,32,0.29,33.76,20.62,31,77.6705315,12.9233966
2017-04-03 09:45:00 UTC,33,0.44,33.76,19.99,31,77.67103399812622,12.923647343820093
2017-04-03 10:00:00 UTC,34,0.41,31.49,19.68,34,77.67103399812622,12.923647343820093
2017-04-03 10:15:00 UTC,35,0.39,26.71,18.66,33,77.67103399812622,12.923647343820093
2017-04-03 10:30:00 UTC,36,0.42,26.71,18.7,30,77.67103399812622,12.923647343820093
2017-04-03 10:45:00 UTC,37,0.43,26.71,19.12,32,77.67156640000002,12.923847300000002
2017-04-03 11:00:00 UTC,38,0.46,29.84,18.57,33,77.6724427,12.9242174
2017-04-03 11:15:00 UTC,39,0.48,36.76,20.2,34,77.6734438,12.9246415
2017-04-03 11:30:00 UTC,40,0.49,36.76,21.64,35,77.67357779999999,12.9247681
2017-04-03 11:45:00 UTC,41,0.45,36.76,22.02,33,77.673716,12.9247294
2017-04-03 12:00:00 UTC,42,0.42,37.77,21.75,30,77.6752689,12.925505900000001
2017-04-03 12:15:00 UTC,43,0.41,39.88,22.02,33,77.67610429999999,12.926099
2017-04-03 12:30:00 UTC,44,0.41,39.88,20.89,25,77.677769,12.9267541
2017-04-03 12:45:00 UTC,45,0.41,39.88,20.74,26,77.68124990000001,12.928618400000001
2017-04-03 13:00:00 UTC,46,0.5,45.08,22.05,25,77.682916,12.929225500000001
2017-04-03 13:15:00 UTC,47,0.52,56.03,23.2,23,77.6898324,12.9342931
2017-04-03 13:30:00 UTC,48,0.52,56.03,22.24,24,77.69265290000001,12.936999
2017-04-03 13:45:00 UTC,49,0.53,56.03,19.55,24,77.69328320000001,12.9399169
2017-04-03 14:00:00 UTC,50,0.53,59.67,19.86,24,77.6880254,12.9389656
2017-04-03 14:15:00 UTC,51,0.52,67.74,18.72,24,77.6906574,12.9361709
2017-04-03 14:30:00 UTC,52,0.54,67.74,18.5,25,77.6910741,12.9399414
2017-04-04 01:30:00 UTC,53,0.39,40.32,69.72,27,77.6898243,12.9395269
2017-04-04 01:45:00 UTC,54,0.39,40.32,72.29,25,77.68971409999999,12.9400035
2017-04-04 02:00:00 UTC,55,0.38,40.51,72.47,26,77.6896146,12.9403939
2017-04-04 02:15:00 UTC,56,0.37,40.93,72.35,24,77.6902061,12.9406009
2017-04-04 02:30:00 UTC,57,0.38,40.93,71.28,25,77.6912348,12.9419302
2017-04-04 02:45:00 UTC,58,0.4,40.93,70.4,24,77.69111749999998,12.942037
2017-04-04 03:00:00 UTC,59,0.38,42.25,68.94,27,77.69111749999998,12.942037
2017-04-04 03:15:00 UTC,60,0.42,45.17,67.53,25,77.69111749999998,12.942037
2017-04-04 03:30:00 UTC,61,0.44,45.17,66.04,35,77.69111749999998,12.942037
2017-04-04 03:45:00 UTC,62,0.34,45.17,63.9,35,77.6891945,12.9427262
2017-04-04 04:00:00 UTC,63,0.39,41.61,61.55,32,77.6915534,12.941664999999999
2017-04-04 04:15:00 UTC,64,0.41,33.74,58.64,35,77.69035670000001,12.9409812
2017-04-04 04:30:00 UTC,65,0.45,33.74,54.08,30,77.6896712,12.940038699999999
2017-04-04 04:45:00 UTC,66,0.47,33.74,50.2,35,77.6896782,12.9396761
2017-04-04 05:00:00 UTC,67,0.5,35.77,47.62,35,77.6899824,12.9395748
2017-04-04 05:15:00 UTC,68,0.55,40.25,44.32,30,77.6896645,12.939410699999998
2017-04-04 05:30:00 UTC,69,0.55,40.25,41.8,32,77.6930251,12.939978
2017-04-04 05:45:00 UTC,70,0.53,40.25,38.43,32,77.6953155,12.939862
2017-04-04 06:00:00 UTC,71,0.54,37.06,35.74,32,77.6976205,12.9439129
2017-04-04 06:15:00 UTC,72,0.59,29.61,31.33,33,77.70018,12.9528644
2017-04-04 06:30:00 UTC,73,0.57,29.61,30.84,35,77.7009083,12.955496499999999
2017-04-04 06:45:00 UTC,74,0.37,29.61,31.61,30,77.7014322,12.959194199999999
2017-04-04 07:00:00 UTC,75,0.33,33.86,30.13,34,77.7015217,12.9599933
2017-04-04 07:15:00 UTC,76,0.31,43.77,27.7,32,77.701902025035,12.956887165483133
2017-04-04 07:30:00 UTC,77,0.35,43.77,25.89,30,77.701902025035,12.956887165483133
2017-04-04 07:45:00 UTC,78,0.33,43.77,25.45,35,77.701902025035,12.956887165483133
2017-04-04 08:00:00 UTC,79,0.33,44.27,25.57,31,77.701902025035,12.956887165483133
2017-04-04 08:15:00 UTC,80,0.32,45.44,25.84,34,77.7010277,12.9558867
2017-04-04 08:30:00 UTC,81,0.31,45.44,23.93,31,77.69985229999999,12.951584599999999
2017-04-04 08:45:00 UTC,82,0.31,45.44,24.41,31,77.6974348,12.9430574
2017-04-04 09:00:00 UTC,83,0.32,43.83,24.19,34,77.6912026,12.9353882
2017-04-04 09:15:00 UTC,84,0.33,40.08,23.07,34,77.6835887,12.9292046
2017-04-04 09:30:00 UTC,85,0.34,40.08,22.38,35,77.6780765,12.9265295
2017-04-04 09:45:00 UTC,86,0.35,40.08,21.63,30,77.6750421,12.924737
2017-04-04 10:00:00 UTC,87,0.41,45.94,21.43,32,77.6759816,12.9253556
2017-04-04 10:15:00 UTC,88,0.44,58.9,21.85,30,77.67775340000001,12.9267195
2017-04-04 10:30:00 UTC,89,0.46,58.9,19.32,30,77.6819974,12.9286025
2017-04-04 10:45:00 UTC,90,0.42,58.9,19.43,32,77.6901162,12.9347633
2017-04-04 11:00:00 UTC,91,0.4,57.85,19.96,35,77.6881316,12.9360979
2017-04-04 11:15:00 UTC,92,0.37,55.54,20.84,34,77.6888373,12.939214100000001
2017-04-04 11:45:00 UTC,93,0.41,55.54,24.16,33,77.6940079,12.9400314
2017-04-04 12:00:00 UTC,94,0.39,61.17,24.53,33,77.6951392,12.9391942
2017-04-04 12:15:00 UTC,95,0.41,73.62,23.81,30,77.695725,12.940579099999999
2017-04-04 12:30:00 UTC,96,0.39,73.62,24.02,26,77.6956848,12.9410673
2017-04-04 12:45:00 UTC,97,0.36,73.62,23.02,25,77.6956786,12.941067199999999
2017-04-04 13:00:00 UTC,98,0.38,71.58,23.01,26,77.69577109999999,12.941087
2017-04-04 13:15:00 UTC,99,0.35,67.06,23.36,23,77.6952854,12.9398224
2017-04-04 13:30:00 UTC,100,0.37,67.06,23.68,25,77.6948074,12.9394668
2017-04-04 13:45:00 UTC,101,0.4,67.06,28.62,24,77.69217859999999,12.9401382
2017-04-04 14:00:00 UTC,102,0.47,67.45,32.65,26,77.68953590000001,12.9394491
2017-04-04 14:15:00 UTC,103,0.47,68.3,33.23,27,77.6881719,12.936427199999999
2017-04-04 14:30:00 UTC,104,0.45,68.3,36.28,24,77.6916884,12.9362064
2017-04-05 01:30:00 UTC,105,0.4,26.09,86.83,24,77.69169790000001,12.9368921
2017-04-05 01:45:00 UTC,106,0.44,26.09,86.03,24,77.69169790000001,12.9368921
2017-04-05 02:00:00 UTC,107,0.43,27.19,85.3,23,77.69169790000001,12.9368921
2017-04-05 02:15:00 UTC,108,0.44,29.17,83.72,23,77.69169790000001,12.9368921
2017-04-05 02:30:00 UTC,109,0.45,29.17,81.94,23,77.6917715,12.9369229
2017-04-05 02:45:00 UTC,110,0.45,29.17,81.52,27,77.6908509,12.9307978
2017-04-05 03:00:00 UTC,111,0.46,26.75,80.36,24,77.6700629,12.9351212
2017-04-05 03:15:00 UTC,112,0.43,22.37,78.46,26,77.6862014,12.9228305
2017-04-05 03:30:00 UTC,113,0.44,22.37,76.43,31,77.65323599999999,12.923988699999999
2017-04-05 03:45:00 UTC,114,0.39,22.37,74.52,35,77.6512985,12.9243469
2017-04-05 04:00:00 UTC,115,0.41,22.44,73.03,31,77.64772690000001,12.9244754
2017-04-05 04:15:00 UTC,116,0.41,22.57,71.41,35,77.6309531,12.9242728
2017-04-05 04:30:00 UTC,117,0.47,22.57,67.17,33,77.6292854,12.9240004
2017-04-05 04:45:00 UTC,118,0.43,22.57,65.27,32,77.6273334,12.9247161
2017-04-05 05:00:00 UTC,119,0.44,26.88,62.64,30,77.6160666,12.929350300000001
2017-04-05 05:15:00 UTC,120,0.45,34.68,59.56,33,77.6137708,12.9314549
2017-04-05 05:30:00 UTC,121,0.5,34.68,57.5,30,77.6106705,12.9340629
2017-04-05 05:45:00 UTC,122,0.55,34.68,52.93,34,77.6098006,12.9345965
2017-04-05 06:00:00 UTC,123,0.51,35.86,51.02,34,77.6058618,12.9363496
2017-04-05 06:15:00 UTC,124,0.54,37.99,49.22,34,77.6057722,12.936521899999999
2017-04-05 06:30:00 UTC,125,0.61,37.99,45.7,32,77.5994997,12.9375092
2017-04-05 06:45:00 UTC,126,0.37,37.99,43.46,34,77.598146,12.9402638
2017-04-05 07:00:00 UTC,127,0.37,42.6,41.23,33,77.59712579999999,12.941949900000001
2017-04-05 07:15:00 UTC,128,0.38,50.96,38.06,34,77.5973357,12.9434963
2017-04-05 07:30:00 UTC,129,0.39,50.96,34.67,32,77.59692690000001,12.9446819
2017-04-05 07:45:00 UTC,130,0.4,50.96,34.65,34,77.59622490000001,12.9454531
2017-04-05 08:00:00 UTC,131,0.41,47.2,33.01,31,77.5928801,12.950733300000001
2017-04-05 08:15:00 UTC,132,0.37,40.38,30.02,33,77.5880811,12.9523588
2017-04-05 08:30:00 UTC,133,0.37,40.38,27.81,32,77.58256999999999,12.954836300000002
2017-04-05 08:45:00 UTC,134,0.36,40.38,25.87,30,77.58406670000001,12.9613152
2017-04-05 09:00:00 UTC,135,0.34,35.54,25.04,33,77.5814027,12.9634501
2017-04-05 09:15:00 UTC,136,0.31,25.36,24.91,31,77.5661365,12.9628486
2017-04-05 09:30:00 UTC,137,0.34,25.36,25.19,31,77.55936899999999,12.9612672
2017-04-05 09:45:00 UTC,138,0.41,25.36,23.93,33,77.55452659999999,12.9580992
2017-04-05 10:00:00 UTC,139,0.4,25.51,23.37,32,77.5509062,12.9570246
2017-04-05 10:15:00 UTC,140,0.4,25.82,22.94,32,77.5449995,12.9553032
2017-04-05 10:30:00 UTC,141,0.38,25.82,31.87,31,77.54220500000001,12.9532787
2017-04-05 10:45:00 UTC,142,0.36,25.82,31.28,32,77.5413618,12.952620399999999
2017-04-05 11:00:00 UTC,143,0.35,58.63,33.15,31,77.536201,12.953660300000001
2017-04-05 11:15:00 UTC,144,0.39,127.65,32.13,31,77.5340167,12.9540038
2017-04-05 11:30:00 UTC,145,0.43,127.65,29.02,33,77.5282008,12.9552704
2017-04-05 11:45:00 UTC,146,0.48,127.65,28.41,33,77.5292677,12.9605478
2017-04-05 12:00:00 UTC,147,0.5,120.17,29.25,32,77.52901261840896,12.960662590435696
2017-04-05 12:15:00 UTC,148,0.45,104.43,34.16,30,77.52901261840896,12.960662590435696
2017-04-05 12:30:00 UTC,149,0.47,104.43,34.0,26,77.52901261840896,12.960662590435696
2017-04-05 12:45:00 UTC,150,0.43,104.43,34.36,23,77.52901261840896,12.960662590435696
2017-04-05 13:00:00 UTC,151,0.44,97.56,35.48,26,77.5288391,12.960763499999999
2017-04-05 13:15:00 UTC,152,0.44,83.12,36.92,25,77.5277894,12.9549119
2017-04-05 13:45:00 UTC,153,0.45,83.12,39.07,27,77.5273071,12.952544999999999
2017-04-05 14:00:00 UTC,154,0.48,84.02,39.03,26,77.5268696,12.949817999999999
2017-04-05 14:15:00 UTC,155,1.27,85.9,36.91,27,77.52668409999998,12.948322099999999
2017-04-05 14:30:00 UTC,156,0.42,85.9,31.7,25,77.52739509999999,12.945777099999999
2017-04-06 01:30:00 UTC,157,0.28,13.81,81.17,24,77.5365386,12.935068
2017-04-06 01:45:00 UTC,158,0.25,13.81,83.17,23,77.53439940000001,12.9340606
2017-04-06 02:00:00 UTC,159,0.24,18.09,83.07,23,77.53439940000001,12.9340606
2017-04-06 02:15:00 UTC,160,0.24,25.84,80.93,23,77.53585369999998,12.9331591
2017-04-06 02:30:00 UTC,161,0.23,25.84,78.47,25,77.53585369999998,12.9331591
2017-04-06 02:45:00 UTC,162,0.23,25.84,75.16,27,77.5370419,12.9335261
2017-04-06 03:00:00 UTC,163,0.26,21.88,70.68,27,77.5415656,12.932288
2017-04-06 03:15:00 UTC,164,0.26,14.69,67.56,27,77.5455963,12.9311585
2017-04-06 03:30:00 UTC,165,0.29,14.69,63.68,31,77.53668359999999,12.9342149
2017-04-06 03:45:00 UTC,166,0.42,14.69,59.83,34,77.6208559,12.927313999999999
2017-04-06 04:00:00 UTC,167,0.54,16.28,54.19,31,77.6215273,12.9273019
2017-04-06 04:15:00 UTC,168,0.59,19.17,50.96,31,77.6215535,12.927409800000001
2017-04-06 05:00:00 UTC,169,0.58,26.08,45.09,30,77.62162140000001,12.926589
2017-04-06 05:15:00 UTC,170,0.55,39.44,44.56,32,77.6214825,12.9274323
2017-04-06 05:30:00 UTC,171,0.52,39.44,42.63,33,77.6215464,12.9288756
2017-04-06 05:45:00 UTC,172,0.52,39.44,40.35,33,77.6223775,12.9304763
2017-04-06 06:00:00 UTC,173,0.47,44.38,39.54,35,77.6225119,12.9312178
2017-04-06 06:15:00 UTC,174,0.54,54.27,39.13,31,77.6241336,12.935066699999998
2017-04-06 06:30:00 UTC,175,0.54,54.27,39.12,35,77.62416479999999,12.935111099999999
2017-04-06 06:45:00 UTC,176,0.42,54.27,37.91,33,77.626099,12.936701300000001
2017-04-06 07:00:00 UTC,177,0.45,51.08,35.62,30,77.6281139,12.9359064
2017-04-06 07:15:00 UTC,178,0.47,44.69,34.54,32,77.6333144,12.929896699999999
2017-04-06 07:30:00 UTC,179,0.45,44.69,33.77,35,77.63748709999999,12.925148
2017-04-06 07:45:00 UTC,180,0.47,44.69,34.53,31,77.64011500000001,12.923829099999999
2017-04-06 08:00:00 UTC,181,0.47,48.11,33.34,32,77.6458307,12.9245381
2017-04-06 08:15:00 UTC,182,0.44,54.94,31.73,32,77.652599,12.9242673
2017-04-06 08:30:00 UTC,183,0.42,54.94,30.05,34,77.6564075,12.923387
2017-04-06 08:45:00 UTC,184,0.42,54.94,29.86,31,77.6608443,12.921877
2017-04-06 09:00:00 UTC,185,0.43,52.09,29.07,30,77.6617824,12.9216405
2017-04-06 09:15:00 UTC,186,0.43,46.39,27.35,30,77.6623187,12.921501800000001
2017-04-06 09:30:00 UTC,187,0.43,46.39,25.75,31,77.6630196,12.921303199999999
2017-04-06 12:45:00 UTC,188,,3.95,29.09,24,77.66337109999999,12.9212221
2017-04-06 13:00:00 UTC,189,,0.0,36.16,23,77.66516159999999,12.9208757
2017-04-06 13:15:00 UTC,190,1.09,0.0,45.2,23,77.6681559,12.922248
2017-04-06 13:30:00 UTC,191,1.81,0.0,55.99,23,77.6705315,12.9233966
2017-04-06 13:45:00 UTC,192,1.93,0.0,56.11,27,77.67103399812622,12.923647343820093
2017-04-06 14:00:00 UTC,193,2.35,0.0,53.52,24,77.67103399812622,12.923647343820093
2017-04-06 14:15:00 UTC,194,2.53,0.0,50.09,26,77.67103399812622,12.923647343820093
2017-04-06 14:30:00 UTC,195,2.64,0.0,50.24,23,77.67103399812622,12.923647343820093
2017-03-27 02:37:15 UTC,196,0.57,42,48,28,77.53585369999998,12.9331591
2017-03-27 02:41:19 UTC,197,0.57,42,48,28,77.53585369999998,12.9331591
2017-03-27 02:44:23 UTC,198,0.57,41,47,28,77.5370419,12.9335261
2017-03-27 02:48:44 UTC,199,0.57,41,46,28,77.5415656,12.932288
2017-03-27 02:53:02 UTC,200,0.57,41,46,28,77.5455963,12.9311585
2017-03-27 02:59:06 UTC,201,0.58,41,43,28,77.53668359999999,12.9342149
2017-03-27 03:03:19 UTC,202,0.58,40,43,28,77.6208559,12.927313999999999
2017-03-27 03:08:22 UTC,203,0.54,40,42,28,77.6215273,12.9273019
2017-03-27 03:13:44 UTC,204,0.54,40,41,28,77.6215535,12.927409800000001
2017-03-27 03:18:57 UTC,205,0.53,40,41,28,77.62162140000001,12.926589
2017-03-27 03:24:02 UTC,206,0.5,40,41,28,77.6214825,12.9274323
2017-03-27 03:29:34 UTC,207,0.47,38,39,28,77.6215464,12.9288756
2017-03-27 03:34:28 UTC,208,0.44,37,39,28,77.6223775,12.9304763
2017-03-27 03:38:56 UTC,209,0.48,37,39,28,77.6225119,12.9312178
2017-03-27 03:44:07 UTC,210,0.4,35,39,29,77.6241336,12.935066699999998
2017-03-27 03:49:35 UTC,211,0.36,32,36,29,77.62416479999999,12.935111099999999
2017-03-27 03:54:45 UTC,212,0.36,33,36,29,77.626099,12.936701300000001
2017-03-27 03:58:37 UTC,213,0.36,30,33,29,77.6281139,12.9359064
2017-03-27 04:03:20 UTC,214,0.37,28,33,29,77.6333144,12.929896699999999
2017-03-27 04:08:12 UTC,215,0.37,28,32,29,77.63748709999999,12.925148
2017-03-27 04:14:43 UTC,216,0.37,25,29,29,77.64011500000001,12.923829099999999
2017-03-27 04:19:23 UTC,217,0.37,25,27,29,77.6458307,12.9245381
2017-03-27 04:23:56 UTC,218,0.37,25,25,29,77.652599,12.9242673
2017-03-27 04:29:01 UTC,219,0.4,25,23,30,77.6564075,12.923387
2017-03-27 04:35:49 UTC,220,0.4,25,22,30,77.6608443,12.921877
2017-03-27 07:45:05 UTC,221,0.5,24,13,35,77.6617824,12.9216405
2017-03-27 07:49:21 UTC,222,0.5,24,13,35,77.6623187,12.921501800000001
2017-03-27 07:53:05 UTC,223,0.49,24,13,35,77.6630196,12.921303199999999
2017-03-27 08:00:33 UTC,224,0.47,24,12,35,77.66337109999999,12.9212221
2017-03-27 08:05:14 UTC,225,0.47,21,12,35,77.66516159999999,12.9208757
2017-03-27 08:09:43 UTC,226,0.47,21,12,35,77.6681559,12.922248
2017-03-27 08:15:16 UTC,227,0.47,21,12,35,77.6705315,12.9233966
2017-03-27 08:18:02 UTC,228,0.5,21,12,35,77.67103399812622,12.923647343820093
2017-03-27 08:22:54 UTC,229,0.53,21,12,35,77.67103399812622,12.923647343820093
2017-03-27 08:25:30 UTC,230,0.53,20,12,35,77.67103399812622,12.923647343820093
2017-03-27 08:30:32 UTC,231,0.53,20,12,35,77.67103399812622,12.923647343820093
2017-03-27 08:34:40 UTC,232,0.55,20,12,35,77.67156640000002,12.923847300000002
2017-03-27 08:39:23 UTC,233,0.55,17,12,35,77.6724427,12.9242174
2017-03-27 08:43:56 UTC,234,0.55,17,12,35,77.6734438,12.9246415
2017-03-27 08:49:01 UTC,235,0.58,17,12,35,77.67357779999999,12.9247681
2017-03-27 08:53:23 UTC,236,0.6,17,12,35,77.673716,12.9247294
2017-03-27 08:58:11 UTC,237,0.6,17,12,35,77.6752689,12.925505900000001
2017-03-27 09:03:32 UTC,238,0.61,17,12,35,77.67610429999999,12.926099
2017-03-27 09:08:10 UTC,239,0.56,16,12,35,77.677769,12.9267541
2017-03-27 09:12:28 UTC,240,0.53,16,12,35,77.68124990000001,12.928618400000001
2017-03-27 09:18:35 UTC,241,0.45,16,12,35,77.682916,12.929225500000001
2017-03-27 09:23:44 UTC,242,0.43,16,12,35,77.6898324,12.9342931
2017-03-27 11:26:13 UTC,243,0.54,14,10,32,77.69265290000001,12.936999
2017-03-27 11:31:04 UTC,244,0.54,15,10,32,77.69328320000001,12.9399169
2017-03-27 11:36:34 UTC,245,0.53,16,10,32,77.6880254,12.9389656
2017-03-27 11:41:15 UTC,246,0.54,16,10,32,77.6906574,12.9361709
2017-03-27 11:47:40 UTC,247,0.51,17,10,32,77.6910741,12.9399414
2017-03-27 11:53:03 UTC,248,0.49,17,10,32,77.6898243,12.9395269
2017-03-27 11:57:09 UTC,249,0.46,17,10,32,77.68971409999999,12.9400035
2017-03-27 12:03:13 UTC,250,0.46,18,10,32,77.6896146,12.9403939
2017-03-27 12:08:25 UTC,251,0.46,20,10,32,77.6902061,12.9406009
2017-03-27 12:13:57 UTC,252,0.47,22,10,32,77.6912348,12.9419302
2017-03-27 12:18:15 UTC,253,0.51,22,10,32,77.69111749999998,12.942037
2017-03-27 12:22:46 UTC,254,0.5,22,10,32,77.69111749999998,12.942037
2017-03-27 12:26:51 UTC,255,0.5,22,11,31,77.69111749999998,12.942037
2017-03-27 12:32:25 UTC,256,0.5,22,11,31,77.69111749999998,12.942037
2017-03-27 12:36:46 UTC,257,0.5,22,11,31,77.6891945,12.9427262
2017-03-27 12:40:07 UTC,258,0.53,22,11,31,77.6915534,12.941664999999999
2017-03-27 12:45:36 UTC,259,0.53,24,12,31,77.69035670000001,12.9409812
2017-03-27 12:51:43 UTC,260,0.53,24,12,31,77.6896712,12.940038699999999
2017-03-27 12:56:11 UTC,261,0.54,25,12,31,77.6896782,12.9396761
2017-03-27 13:02:44 UTC,262,0.54,26,12,31,77.6899824,12.9395748
2017-03-27 13:07:25 UTC,263,0.54,28,12,31,77.6896645,12.939410699999998
2017-03-27 13:12:54 UTC,264,0.54,28,12,31,77.6930251,12.939978
2017-03-27 13:16:24 UTC,265,0.53,29,12,31,77.6953155,12.939862
2017-03-27 13:23:10 UTC,266,0.52,29,13,31,77.6976205,12.9439129
2017-03-27 13:28:01 UTC,267,0.5,29,13,31,77.70018,12.9528644
2017-03-28 02:37:15 UTC,268,0.53,29,55,28,77.7009083,12.955496499999999
2017-03-28 02:41:19 UTC,269,0.53,29,55,28,77.7014322,12.959194199999999
2017-03-28 02:44:23 UTC,270,0.53,28,53,28,77.7015217,12.9599933
2017-03-28 02:48:44 UTC,271,0.54,29,53,28,77.701902025035,12.956887165483133
2017-03-28 02:53:02 UTC,272,0.55,29,53,28,77.701902025035,12.956887165483133
2017-03-28 02:59:06 UTC,273,0.55,26,52,28,77.701902025035,12.956887165483133
2017-03-28 03:03:19 UTC,274,0.54,27,52,28,77.701902025035,12.956887165483133
2017-03-28 03:08:22 UTC,275,0.53,25,51,28,77.7010277,12.9558867
2017-03-28 03:13:44 UTC,276,0.53,25,50,28,77.69985229999999,12.951584599999999
2017-03-28 03:18:57 UTC,277,0.53,24,49,28,77.6974348,12.9430574
2017-03-28 03:24:02 UTC,278,0.53,24,47,29,77.6912026,12.9353882
2017-03-28 03:29:34 UTC,279,0.48,23,47,29,77.6835887,12.9292046
2017-03-28 03:34:28 UTC,280,0.47,24,46,29,77.6780765,12.9265295
2017-03-28 03:38:56 UTC,281,0.46,21,45,29,77.6750421,12.924737
2017-03-28 03:44:07 UTC,282,0.44,20,44,29,77.6759816,12.9253556
2017-03-28 03:49:35 UTC,283,0.4,20,44,29,77.67775340000001,12.9267195
2017-03-28 03:54:45 UTC,284,0.44,10,44,29,77.6819974,12.9286025
2017-03-28 03:58:37 UTC,285,0.38,19,44,29,77.6901162,12.9347633
2017-03-28 04:03:20 UTC,286,0.38,19,43,29,77.6881316,12.9360979
2017-03-28 04:08:12 UTC,287,0.38,18,43,29,77.6888373,12.939214100000001
2017-03-28 04:14:43 UTC,288,0.38,17,42,29,77.6940079,12.9400314
2017-03-28 04:19:23 UTC,289,0.36,17,42,29,77.6951392,12.9391942
2017-03-28 04:23:56 UTC,290,0.35,15,42,29,77.695725,12.940579099999999
2017-03-28 04:29:01 UTC,291,0.35,16,40,29,77.6956848,12.9410673
2017-03-28 04:35:49 UTC,292,0.35,15,38,29,77.6956786,12.941067199999999
2017-03-28 07:45:05 UTC,293,0.49,17,11,34,77.69577109999999,12.941087
2017-03-28 07:49:21 UTC,294,0.49,17,11,34,77.6952854,12.9398224
2017-03-28 07:53:05 UTC,295,0.49,17,11,34,77.6948074,12.9394668
2017-03-28 08:00:33 UTC,296,0.5,15,11,34,77.69217859999999,12.9401382
2017-03-28 08:05:14 UTC,297,0.49,14,11,34,77.68953590000001,12.9394491
2017-03-28 08:09:43 UTC,298,0.5,14,11,34,77.6881719,12.936427199999999
2017-03-28 08:15:16 UTC,299,0.5,13,11,34,77.6916884,12.9362064
2017-03-28 08:18:02 UTC,300,0.5,14,11,34,77.69169790000001,12.9368921
2017-03-28 08:22:54 UTC,301,0.5,12,11,34,77.69169790000001,12.9368921
2017-03-28 08:25:30 UTC,302,0.5,12,11,34,77.69169790000001,12.9368921
2017-03-28 08:30:32 UTC,303,0.5,12,12,34,77.69169790000001,12.9368921
2017-03-28 08:34:40 UTC,304,0.5,13,12,34,77.6917715,12.9369229
2017-03-28 08:39:23 UTC,305,0.51,13,12,34,77.6908509,12.9307978
2017-03-28 08:43:56 UTC,306,0.51,12,12,34,77.6700629,12.9351212
2017-03-28 08:49:01 UTC,307,0.51,14,12,34,77.6862014,12.9228305
2017-03-28 08:53:23 UTC,308,0.48,15,10,35,77.65323599999999,12.923988699999999
2017-03-28 08:58:11 UTC,309,0.47,16,10,35,77.6512985,12.9243469
2017-03-28 09:03:32 UTC,310,0.47,17,10,35,77.64772690000001,12.9244754
2017-03-28 09:08:10 UTC,311,0.45,18,10,35,77.6309531,12.9242728
2017-03-28 09:12:28 UTC,312,0.43,18,8,35,77.6292854,12.9240004
2017-03-28 09:18:35 UTC,313,0.47,18,8,35,77.6273334,12.9247161
2017-03-28 09:23:44 UTC,314,0.5,18,8,35,77.6160666,12.929350300000001
2017-03-28 11:26:13 UTC,315,0.57,21,9,33,77.6137708,12.9314549
2017-03-28 11:31:04 UTC,316,0.55,21,9,33,77.6106705,12.9340629
2017-03-28 11:36:34 UTC,317,0.55,21,9,33,77.6098006,12.9345965
2017-03-28 11:41:15 UTC,318,0.55,21,9,33,77.6058618,12.9363496
2017-03-28 11:47:40 UTC,319,0.54,21,8,33,77.6057722,12.936521899999999
2017-03-28 11:53:03 UTC,320,0.54,21,8,33,77.5994997,12.9375092
2017-03-28 11:58:09 UTC,321,0.59,22,8,33,77.598146,12.9402638
2017-03-28 12:03:13 UTC,322,0.59,22,10,33,77.59712579999999,12.941949900000001
2017-03-28 12:08:25 UTC,323,0.6,22,11,33,77.5973357,12.9434963
2017-03-28 12:13:57 UTC,324,0.6,22,11,33,77.59692690000001,12.9446819
2017-03-28 12:18:15 UTC,325,0.6,22,11,33,77.59622490000001,12.9454531
2017-03-28 12:22:46 UTC,326,0.59,22,11,33,77.5928801,12.950733300000001
2017-03-28 12:26:51 UTC,327,0.59,23,12,33,77.5880811,12.9523588
2017-03-28 12:32:25 UTC,328,0.59,23,12,34,77.58256999999999,12.954836300000002
2017-03-28 12:36:46 UTC,329,0.59,23,12,34,77.58406670000001,12.9613152
2017-03-28 12:40:07 UTC,330,0.59,23,12,34,77.5814027,12.9634501
2017-03-28 12:45:36 UTC,331,0.59,23,12,34,77.5661365,12.9628486
2017-03-28 12:51:43 UTC,332,0.59,23,12,34,77.55936899999999,12.9612672
2017-03-28 12:56:11 UTC,333,0.6,25,12,34,77.55452659999999,12.9580992
2017-03-28 13:02:44 UTC,334,0.6,25,12,34,77.5509062,12.9570246
2017-03-28 13:07:25 UTC,335,0.58,25,12,34,77.5449995,12.9553032
2017-03-28 13:12:54 UTC,336,0.58,25,13,34,77.54220500000001,12.9532787
2017-03-28 13:16:24 UTC,337,0.57,25,13,34,77.5413618,12.952620399999999
2017-03-28 13:23:10 UTC,338,0.54,24,14,34,77.536201,12.953660300000001
2017-03-28 13:28:01 UTC,339,0.55,26,15,34,77.5340167,12.9540038
2017-03-29 02:37:15 UTC,340,0.65,24,91,27,77.5282008,12.9552704
2017-03-29 02:41:19 UTC,341,0.65,24,91,27,77.5292677,12.9605478
2017-03-29 02:44:23 UTC,342,0.61,24,89,27,77.52901261840896,12.960662590435696
2017-03-29 02:48:44 UTC,343,0.59,24,87,27,77.52901261840896,12.960662590435696
2017-03-29 02:53:02 UTC,344,0.57,24,87,27,77.52901261840896,12.960662590435696
2017-03-29 02:59:06 UTC,345,0.52,24,85,27,77.52901261840896,12.960662590435696
2017-03-29 03:03:19 UTC,346,0.52,24,86,27,77.5288391,12.960763499999999
2017-03-29 03:08:22 UTC,347,0.48,24,84,27,77.5277894,12.9549119
2017-03-29 03:13:44 UTC,348,0.48,25,84,27,77.5273071,12.952544999999999
2017-03-29 03:18:57 UTC,349,0.46,25,83,27,77.5268696,12.949817999999999
2017-03-29 03:24:02 UTC,350,0.48,25,82,28,77.52668409999998,12.948322099999999
2017-03-29 03:29:34 UTC,351,0.42,25,82,28,77.52739509999999,12.945777099999999
2017-03-29 03:34:28 UTC,352,0.4,25,81,28,77.5365386,12.935068
2017-03-29 03:38:56 UTC,353,0.4,24,80,28,77.53439940000001,12.9340606
2017-03-29 03:44:07 UTC,354,0.4,24,80,28,77.53439940000001,12.9340606
2017-03-29 03:49:35 UTC,355,0.38,24,76,28,77.53585369999998,12.9331591
2017-03-29 03:54:45 UTC,356,0.38,24,76,28,77.53585369999998,12.9331591
2017-03-29 03:58:37 UTC,357,0.36,24,72,28,77.5370419,12.9335261
2017-03-29 04:03:20 UTC,358,0.36,24,70,28,77.5415656,12.932288
2017-03-29 04:08:12 UTC,359,0.39,23,66,28,77.5455963,12.9311585
2017-03-29 04:14:43 UTC,360,0.41,23,63,28,77.53668359999999,12.9342149
2017-03-29 04:19:23 UTC,361,0.43,23,60,28,77.6208559,12.927313999999999
2017-03-29 04:23:56 UTC,362,0.43,23,57,28,77.6215273,12.9273019
2017-03-29 04:29:01 UTC,363,0.45,23,54,28,77.6215535,12.927409800000001
2017-03-29 04:35:49 UTC,364,0.44,23,53,28,77.62162140000001,12.926589
2017-03-29 07:45:05 UTC,365,0.53,22,17,34,77.6214825,12.9274323
2017-03-29 07:49:21 UTC,366,0.52,22,17,34,77.6215464,12.9288756
2017-03-29 07:53:05 UTC,367,0.52,22,17,34,77.6223775,12.9304763
2017-03-29 08:00:33 UTC,368,0.52,21,17,34,77.6225119,12.9312178
2017-03-29 08:05:14 UTC,369,0.5,20,17,34,77.6241336,12.935066699999998
2017-03-29 08:09:43 UTC,370,0.5,20,16,34,77.62416479999999,12.935111099999999
2017-03-29 08:15:16 UTC,371,0.5,20,16,34,77.626099,12.936701300000001
2017-03-29 08:18:02 UTC,372,0.49,20,16,34,77.6281139,12.9359064
2017-03-29 08:22:54 UTC,373,0.49,19,15,34,77.6333144,12.929896699999999
2017-03-29 08:25:30 UTC,374,0.48,19,16,34,77.63748709999999,12.925148
2017-03-29 08:30:32 UTC,375,0.48,19,16,34,77.64011500000001,12.923829099999999
2017-03-29 08:34:40 UTC,376,0.48,19,16,34,77.6458307,12.9245381
2017-03-29 08:39:23 UTC,377,0.48,18,16,34,77.652599,12.9242673
2017-03-29 08:43:56 UTC,378,0.5,18,15,34,77.6564075,12.923387
2017-03-29 08:49:01 UTC,379,0.5,20,15,34,77.6608443,12.921877
2017-03-29 08:53:23 UTC,380,0.5,20,15,34,77.6617824,12.9216405
2017-03-29 08:58:11 UTC,381,0.48,22,15,34,77.6623187,12.921501800000001
2017-03-29 09:03:32 UTC,382,0.48,25,15,34,77.6630196,12.921303199999999
2017-03-29 09:08:10 UTC,383,0.47,28,15,34,77.66337109999999,12.9212221
2017-03-29 09:12:28 UTC,384,0.48,29,15,34,77.66516159999999,12.9208757
2017-03-29 09:18:35 UTC,385,0.46,29,15,34,77.6681559,12.922248
2017-03-29 09:23:44 UTC,386,0.45,30,15,34,77.6705315,12.9233966
2017-03-29 11:26:13 UTC,387,0.47,25,16,33,77.67103399812622,12.923647343820093
2017-03-29 11:31:04 UTC,388,0.47,25,16,33,77.67103399812622,12.923647343820093
2017-03-29 11:36:34 UTC,389,0.45,25,16,33,77.67103399812622,12.923647343820093
2017-03-29 11:41:15 UTC,390,0.44,24,16,33,77.67103399812622,12.923647343820093
2017-03-29 11:47:40 UTC,391,0.44,24,16,33,77.67156640000002,12.923847300000002
2017-03-29 11:53:03 UTC,392,0.44,24,17,33,77.6724427,12.9242174
2017-03-29 11:57:09 UTC,393,0.44,24,17,33,77.6734438,12.9246415
2017-03-29 12:03:13 UTC,394,0.44,23,17,33,77.67357779999999,12.9247681
2017-03-29 12:08:25 UTC,395,0.45,23,17,33,77.673716,12.9247294
2017-03-29 12:13:57 UTC,396,0.45,23,17,33,77.6752689,12.925505900000001
2017-03-29 12:18:15 UTC,397,0.45,23,17,33,77.67610429999999,12.926099
2017-03-29 12:22:46 UTC,398,0.48,23,18,33,77.677769,12.9267541
2017-03-29 12:26:51 UTC,399,0.49,23,18,33,77.68124990000001,12.928618400000001
2017-03-29 12:32:25 UTC,400,0.5,23,18,33,77.682916,12.929225500000001
2017-03-29 12:36:46 UTC,401,0.5,23,18,33,77.6898324,12.9342931
2017-03-29 12:40:07 UTC,402,0.52,23,18,33,77.69265290000001,12.936999
2017-03-29 12:45:36 UTC,403,0.53,24,18,33,77.69328320000001,12.9399169
2017-03-29 12:51:43 UTC,404,0.54,24,18,33,77.6880254,12.9389656
2017-03-29 12:56:11 UTC,405,0.58,24,19,33,77.6906574,12.9361709
2017-03-29 13:02:44 UTC,406,0.58,25,19,33,77.6910741,12.9399414
2017-03-29 13:07:25 UTC,407,0.6,25,19,33,77.6898243,12.9395269
2017-03-29 13:12:54 UTC,408,0.6,25,19,33,77.68971409999999,12.9400035
2017-03-29 13:16:24 UTC,409,0.6,26,19,33,77.6896146,12.9403939
2017-03-29 13:23:10 UTC,410,0.59,27,19,33,77.6902061,12.9406009
2017-03-29 13:28:01 UTC,411,0.57,27,19,33,77.6912348,12.9419302
2017-03-30 02:37:15 UTC,412,0.5,25,99,28,77.69111749999998,12.942037
2017-03-30 02:41:19 UTC,413,0.5,25,99,28,77.69111749999998,12.942037
2017-03-30 02:44:23 UTC,414,0.44,25,99,28,77.69111749999998,12.942037
2017-03-30 02:48:44 UTC,415,0.42,25,99,28,77.69111749999998,12.942037
2017-03-30 02:53:02 UTC,416,0.39,25,99,28,77.6891945,12.9427262
2017-03-30 02:59:06 UTC,417,0.44,26,99,28,77.6915534,12.941664999999999
2017-03-30 03:03:19 UTC,418,0.5,26,99,28,77.69035670000001,12.9409812
2017-03-30 03:08:22 UTC,419,0.51,26,99,28,77.6896712,12.940038699999999
2017-03-30 03:13:44 UTC,420,0.54,27,99,28,77.6896782,12.9396761
2017-03-30 03:18:57 UTC,421,0.57,27,99,28,77.6899824,12.9395748
2017-03-30 03:24:02 UTC,422,0.57,27,99,28,77.6896645,12.939410699999998
2017-03-30 03:29:34 UTC,423,0.57,27,98,28,77.6930251,12.939978
2017-03-30 03:34:28 UTC,424,0.67,28,96,28,77.6953155,12.939862
2017-03-30 03:38:56 UTC,425,0.7,28,97,28,77.6976205,12.9439129
2017-03-30 03:44:07 UTC,426,0.7,28,95,28,77.70018,12.9528644
2017-03-30 03:49:35 UTC,427,0.73,28,95,28,77.7009083,12.955496499999999
2017-03-30 03:54:45 UTC,428,0.7,28,93,28,77.7014322,12.959194199999999
2017-03-30 03:58:37 UTC,429,0.75,26,88,28,77.7015217,12.9599933
2017-03-30 04:03:20 UTC,430,0.79,25,84,28,77.701902025035,12.956887165483133
2017-03-30 04:08:12 UTC,431,0.79,26,79,28,77.701902025035,12.956887165483133
2017-03-30 04:14:43 UTC,432,0.79,26,73,28,77.701902025035,12.956887165483133
2017-03-30 04:19:23 UTC,433,0.79,24,65,28,77.701902025035,12.956887165483133
2017-03-30 04:23:56 UTC,434,0.75,24,60,28,77.7010277,12.9558867
2017-03-30 04:29:01 UTC,435,0.73,25,57,28,77.69985229999999,12.951584599999999
2017-03-30 04:35:49 UTC,436,0.71,25,55,28,77.6974348,12.9430574
2017-03-30 07:45:05 UTC,437,0.51,18,16,35,77.6912026,12.9353882
2017-03-30 07:49:21 UTC,438,0.51,18,16,35,77.6835887,12.9292046
2017-03-30 07:53:05 UTC,439,0.51,18,16,35,77.6780765,12.9265295
2017-03-30 08:00:33 UTC,440,0.5,18,16,35,77.6750421,12.924737
2017-03-30 08:05:14 UTC,441,0.5,17,15,35,77.6759816,12.9253556
2017-03-30 08:09:43 UTC,442,0.5,17,16,35,77.67775340000001,12.9267195
2017-03-30 08:15:16 UTC,443,0.47,17,16,35,77.6819974,12.9286025
2017-03-30 08:18:02 UTC,444,0.43,17,15,35,77.6901162,12.9347633
2017-03-30 08:22:54 UTC,445,0.46,16,16,35,77.6881316,12.9360979
2017-03-30 08:25:30 UTC,446,0.47,16,15,35,77.6888373,12.939214100000001
2017-03-30 08:30:32 UTC,447,0.47,16,13,35,77.6940079,12.9400314
2017-03-30 08:34:40 UTC,448,0.49,17,13,35,77.6951392,12.9391942
2017-03-30 08:39:23 UTC,449,0.51,17,13,35,77.695725,12.940579099999999
2017-03-30 08:43:56 UTC,450,0.55,17,13,35,77.6956848,12.9410673
2017-03-30 08:49:01 UTC,451,0.55,16,13,35,77.6956786,12.941067199999999
2017-03-30 08:53:23 UTC,452,0.59,15,13,35,77.69577109999999,12.941087
2017-03-30 08:58:11 UTC,453,0.59,15,13,35,77.6952854,12.9398224
2017-03-30 09:03:32 UTC,454,0.62,15,14,35,77.6948074,12.9394668
2017-03-30 09:08:10 UTC,455,0.59,15,13,35,77.69217859999999,12.9401382
2017-03-30 09:12:28 UTC,456,0.55,14,13,35,77.68953590000001,12.9394491
2017-03-30 09:18:35 UTC,457,0.48,14,13,35,77.6881719,12.936427199999999
2017-03-30 09:23:44 UTC,458,0.46,14,13,35,77.6916884,12.9362064
2017-03-30 11:26:13 UTC,459,0.45,25,12,33,77.69169790000001,12.9368921
2017-03-30 11:31:04 UTC,460,0.44,25,12,33,77.69169790000001,12.9368921
2017-03-30 11:36:34 UTC,461,0.44,25,12,33,77.69169790000001,12.9368921
2017-03-30 11:41:15 UTC,462,0.44,25,12,33,77.69169790000001,12.9368921
2017-03-30 11:47:40 UTC,463,0.47,25,13,33,77.6917715,12.9369229
2017-03-30 11:53:03 UTC,464,0.46,25,12,33,77.6908509,12.9307978
2017-03-30 11:57:09 UTC,465,0.53,25,12,33,77.6700629,12.9351212
2017-03-30 12:03:13 UTC,466,0.53,25,12,33,77.6862014,12.9228305
2017-03-30 12:08:25 UTC,467,0.53,25,12,33,77.65323599999999,12.923988699999999
2017-03-30 12:13:57 UTC,468,0.53,24,13,33,77.6512985,12.9243469
2017-03-30 12:18:15 UTC,469,0.57,24,13,33,77.64772690000001,12.9244754
2017-03-30 12:22:46 UTC,470,0.57,24,13,33,77.6309531,12.9242728
2017-03-30 12:26:51 UTC,471,0.57,23,12,33,77.6292854,12.9240004
2017-03-30 12:32:25 UTC,472,0.57,23,12,33,77.6273334,12.9247161
2017-03-30 12:36:46 UTC,473,0.63,23,13,33,77.6160666,12.929350300000001
2017-03-30 12:40:07 UTC,474,0.59,23,13,33,77.6137708,12.9314549
2017-03-30 12:45:36 UTC,475,0.63,21,13,33,77.6106705,12.9340629
2017-03-30 12:51:43 UTC,476,0.63,21,13,33,77.6098006,12.9345965
2017-03-30 12:56:11 UTC,477,0.7,21,13,33,77.6058618,12.9363496
2017-03-30 13:02:44 UTC,478,0.74,21,12,33,77.6057722,12.936521899999999
2017-03-30 13:07:25 UTC,479,0.77,20,13,33,77.5994997,12.9375092
2017-03-30 13:12:54 UTC,480,0.67,20,13,33,77.598146,12.9402638
2017-03-30 13:16:24 UTC,481,0.62,18,13,33,77.59712579999999,12.941949900000001
2017-03-30 13:23:10 UTC,482,0.58,17,15,33,77.5973357,12.9434963
2017-03-30 13:28:01 UTC,483,0.56,17,15,33,77.59692690000001,12.9446819
2017-03-31 02:37:15 UTC,484,0.56,40,46,28,77.59622490000001,12.9454531
2017-03-31 02:41:19 UTC,485,0.59,40,45,28,77.5928801,12.950733300000001
2017-03-31 02:44:23 UTC,486,0.59,40,45,28,77.5880811,12.9523588
2017-03-31 02:48:44 UTC,487,0.59,39,43,28,77.58256999999999,12.954836300000002
2017-03-31 02:53:02 UTC,488,0.62,39,45,28,77.58406670000001,12.9613152
2017-03-31 02:59:06 UTC,489,0.62,39,45,28,77.5814027,12.9634501
2017-03-31 03:03:19 UTC,490,0.62,38,43,28,77.5661365,12.9628486
2017-03-31 03:08:22 UTC,491,0.64,39,43,28,77.55936899999999,12.9612672
2017-03-31 03:13:44 UTC,492,0.6,38,42,28,77.55452659999999,12.9580992
2017-03-31 03:18:57 UTC,493,0.59,38,42,28,77.5509062,12.9570246
2017-03-31 03:24:02 UTC,494,0.67,38,38,28,77.5449995,12.9553032
2017-03-31 03:29:34 UTC,495,0.62,37,35,28,77.54220500000001,12.9532787
2017-03-31 03:34:28 UTC,496,0.6,37,32,28,77.5413618,12.952620399999999
2017-03-31 03:38:56 UTC,497,0.54,36,30,28,77.536201,12.953660300000001
2017-03-31 03:44:07 UTC,498,0.58,35,30,28,77.5340167,12.9540038
2017-03-31 03:49:35 UTC,499,0.58,34,27,28,77.5282008,12.9552704
2017-03-31 03:54:45 UTC,500,0.58,33,25,28,77.5292677,12.9605478
2017-03-31 03:58:37 UTC,501,0.58,33,25,28,77.52901261840896,12.960662590435696
2017-03-31 04:03:20 UTC,502,0.64,31,23,28,77.52901261840896,12.960662590435696
2017-03-31 04:08:12 UTC,503,0.64,26,23,28,77.52901261840896,12.960662590435696
2017-03-31 04:14:43 UTC,504,0.64,26,23,28,77.52901261840896,12.960662590435696
2017-03-31 04:19:23 UTC,505,0.66,27,23,28,77.5288391,12.960763499999999
2017-03-31 04:23:56 UTC,506,0.64,28,23,28,77.5277894,12.9549119
2017-03-31 04:29:01 UTC,507,0.61,27,23,28,77.5273071,12.952544999999999
2017-03-31 04:35:49 UTC,508,0.61,28,23,28,77.5268696,12.949817999999999
2017-03-31 07:45:05 UTC,509,0.42,13,16,34,77.52668409999998,12.948322099999999
2017-03-31 07:49:21 UTC,510,0.45,13,16,34,77.52739509999999,12.945777099999999
2017-03-31 07:53:05 UTC,511,0.48,13,16,34,77.5365386,12.935068
2017-03-31 08:00:33 UTC,512,0.48,13,16,34,77.53439940000001,12.9340606
2017-03-31 08:05:14 UTC,513,0.51,11,16,34,77.53439940000001,12.9340606
2017-03-31 08:09:43 UTC,514,0.51,11,16,34,77.53585369999998,12.9331591
2017-03-31 08:15:16 UTC,515,0.51,11,15,34,77.53585369999998,12.9331591
2017-03-31 08:18:02 UTC,516,0.5,10,14,34,77.5370419,12.9335261
2017-03-31 08:22:54 UTC,517,0.54,10,15,34,77.5415656,12.932288
2017-03-31 08:25:31 UTC,518,0.54,10,15,34,77.5455963,12.9311585
2017-03-31 08:30:32 UTC,519,0.5,10,15,34,77.53668359999999,12.9342149
2017-03-31 08:34:40 UTC,520,0.5,11,15,34,77.6208559,12.927313999999999
2017-03-31 08:39:23 UTC,521,0.52,11,15,34,77.6215273,12.9273019
2017-03-31 08:43:56 UTC,522,0.52,11,14,34,77.6215535,12.927409800000001
2017-03-31 08:49:01 UTC,523,0.52,11,15,34,77.62162140000001,12.926589
2017-03-31 08:53:23 UTC,524,0.54,12,15,34,77.6214825,12.9274323
2017-03-31 08:58:11 UTC,525,0.54,12,15,34,77.6215464,12.9288756
2017-03-31 09:03:32 UTC,526,0.54,13,15,34,77.6223775,12.9304763
2017-03-31 09:08:10 UTC,527,0.54,14,15,34,77.6225119,12.9312178
2017-03-31 09:12:28 UTC,528,0.54,14,15,34,77.6241336,12.935066699999998
2017-03-31 09:18:35 UTC,529,0.51,14,14,34,77.62416479999999,12.935111099999999
2017-03-31 09:23:44 UTC,530,0.49,14,14,34,77.626099,12.936701300000001
2017-03-31 11:26:13 UTC,531,0.48,20,13,32,77.6281139,12.9359064
2017-03-31 11:31:04 UTC,532,0.48,20,13,32,77.6333144,12.929896699999999
2017-03-31 11:36:34 UTC,533,0.48,20,13,32,77.63748709999999,12.925148
2017-03-31 11:41:15 UTC,534,0.48,20,13,32,77.64011500000001,12.923829099999999
2017-03-31 11:47:40 UTC,535,0.48,20,14,32,77.6458307,12.9245381
2017-03-31 11:53:03 UTC,536,0.48,21,14,32,77.652599,12.9242673
2017-03-31 11:57:09 UTC,537,0.49,21,14,32,77.6564075,12.923387
2017-03-31 12:03:13 UTC,538,0.49,21,14,32,77.6608443,12.921877
2017-03-31 12:08:25 UTC,539,0.49,21,14,32,77.6617824,12.9216405
2017-03-31 12:13:57 UTC,540,0.5,23,14,32,77.6623187,12.921501800000001
2017-03-31 12:18:15 UTC,541,0.5,23,14,32,77.6630196,12.921303199999999
2017-03-31 12:22:46 UTC,542,0.5,24,14,32,77.66337109999999,12.9212221
2017-03-31 12:26:51 UTC,543,0.5,24,15,32,77.66516159999999,12.9208757
2017-03-31 12:32:25 UTC,544,0.51,24,15,32,77.6681559,12.922248
2017-03-31 12:36:46 UTC,545,0.52,24,15,32,77.6705315,12.9233966
2017-03-31 12:40:07 UTC,546,0.52,25,16,32,77.67103399812622,12.923647343820093
2017-03-31 12:45:36 UTC,547,0.52,25,16,32,77.67103399812622,12.923647343820093
2017-03-31 12:51:43 UTC,548,0.52,25,16,32,77.67103399812622,12.923647343820093
2017-03-31 12:56:11 UTC,549,0.52,25,16,32,77.67103399812622,12.923647343820093
2017-03-31 13:02:44 UTC,550,0.52,25,16,32,77.67156640000002,12.923847300000002
2017-03-31 13:07:25 UTC,551,0.52,26,16,32,77.6724427,12.9242174
2017-03-31 13:12:54 UTC,552,0.52,26,16,32,77.6734438,12.9246415
2017-03-31 13:16:24 UTC,553,0.53,27,16,32,77.67357779999999,12.9247681
2017-03-31 13:23:10 UTC,554,0.54,27,18,32,77.673716,12.9247294
2017-03-31 13:28:01 UTC,555,0.5,27,18,32,77.6752689,12.925505900000001
2017-04-01 02:37:15 UTC,556,0.44,37,62,29,77.67610429999999,12.926099
2017-04-01 02:41:19 UTC,557,0.44,37,62,29,77.677769,12.9267541
2017-04-01 02:44:23 UTC,558,0.45,37,62,29,77.68124990000001,12.928618400000001
2017-04-01 02:48:44 UTC,559,0.46,37,62,29,77.682916,12.929225500000001
2017-04-01 02:53:02 UTC,560,0.47,37,62,29,77.6898324,12.9342931
2017-04-01 02:59:06 UTC,561,0.5,35,62,29,77.69265290000001,12.936999
2017-04-01 03:03:19 UTC,562,0.5,33,61,29,77.69328320000001,12.9399169
2017-04-01 03:08:22 UTC,563,0.51,30,61,29,77.6880254,12.9389656
2017-04-01 03:13:44 UTC,564,0.5,28,61,29,77.6906574,12.9361709
2017-04-01 03:18:57 UTC,565,0.53,28,60,29,77.6910741,12.9399414
2017-04-01 03:24:02 UTC,566,0.55,28,59,29,77.6898243,12.9395269
2017-04-01 03:29:34 UTC,567,0.58,28,56,29,77.68971409999999,12.9400035
2017-04-01 03:34:28 UTC,568,0.58,28,56,29,77.6896146,12.9403939
2017-04-01 03:38:56 UTC,569,0.6,28,54,29,77.6902061,12.9406009
2017-04-01 03:44:07 UTC,570,0.6,25,54,29,77.6912348,12.9419302
2017-04-01 03:49:35 UTC,571,0.6,24,54,29,77.69111749999998,12.942037
2017-04-01 03:54:45 UTC,572,0.64,24,53,29,77.69111749999998,12.942037
2017-04-01 03:58:37 UTC,573,0.64,24,53,29,77.69111749999998,12.942037
2017-04-01 04:03:20 UTC,574,0.64,22,50,29,77.69111749999998,12.942037
2017-04-01 04:08:12 UTC,575,0.68,21,49,29,77.6891945,12.9427262
2017-04-01 04:14:43 UTC,576,0.69,21,47,29,77.6915534,12.941664999999999
2017-04-01 04:19:23 UTC,577,0.67,21,47,29,77.69035670000001,12.9409812
2017-04-01 04:23:56 UTC,578,0.67,21,45,29,77.6896712,12.940038699999999
2017-04-01 04:29:01 UTC,579,0.67,21,44,29,77.6896782,12.9396761
2017-04-01 04:35:49 UTC,580,0.67,21,44,29,77.6899824,12.9395748
2017-04-01 07:45:05 UTC,581,0.36,21,15,36,77.6896645,12.939410699999998
2017-04-01 07:49:21 UTC,582,0.36,21,15,36,77.6930251,12.939978
2017-04-01 07:53:05 UTC,583,0.36,21,15,36,77.6953155,12.939862
2017-04-01 08:00:33 UTC,584,0.36,21,15,36,77.6976205,12.9439129
2017-04-01 08:05:14 UTC,585,0.36,20,15,36,77.70018,12.9528644
2017-04-01 08:09:43 UTC,586,0.36,18,15,36,77.7009083,12.955496499999999
2017-04-01 08:15:16 UTC,587,0.36,17,15,36,77.7014322,12.959194199999999
2017-04-01 08:18:02 UTC,588,0.36,17,15,36,77.7015217,12.9599933
2017-04-01 08:22:54 UTC,589,0.36,15,15,36,77.701902025035,12.956887165483133
2017-04-01 08:25:30 UTC,590,0.37,10,15,36,77.701902025035,12.956887165483133
2017-04-01 08:30:32 UTC,591,0.38,10,14,36,77.701902025035,12.956887165483133
2017-04-01 08:34:40 UTC,592,0.38,10,14,36,77.701902025035,12.956887165483133
2017-04-01 08:39:23 UTC,593,0.38,10,14,36,77.7010277,12.9558867
2017-04-01 08:43:56 UTC,594,0.4,9,14,36,77.69985229999999,12.951584599999999
2017-04-01 08:49:01 UTC,595,0.4,10,14,36,77.6974348,12.9430574
2017-04-01 08:53:23 UTC,596,0.42,12,13,36,77.6912026,12.9353882
2017-04-01 08:58:11 UTC,597,0.43,14,13,36,77.6835887,12.9292046
2017-04-01 09:03:32 UTC,598,0.43,15,13,36,77.6780765,12.9265295
2017-04-01 09:08:10 UTC,599,0.44,18,13,36,77.6750421,12.924737
2017-04-01 09:12:28 UTC,600,0.44,18,13,36,77.6759816,12.9253556
2017-04-01 09:18:35 UTC,601,0.44,18,13,36,77.67775340000001,12.9267195
2017-04-01 09:23:44 UTC,602,0.45,18,12,36,77.6819974,12.9286025
2017-04-01 11:26:13 UTC,603,0.44,18,13,33,77.6901162,12.9347633
2017-04-01 11:31:04 UTC,604,0.44,18,13,33,77.6881316,12.9360979
2017-04-01 11:36:34 UTC,605,0.44,18,13,33,77.6888373,12.939214100000001
2017-04-01 11:41:15 UTC,606,0.44,19,13,33,77.6940079,12.9400314
2017-04-01 11:47:40 UTC,607,0.42,20,13,33,77.6951392,12.9391942
2017-04-01 11:53:03 UTC,608,0.41,20,14,33,77.695725,12.940579099999999
2017-04-01 11:57:09 UTC,609,0.4,22,13,33,77.6956848,12.9410673
2017-04-01 12:03:13 UTC,610,0.4,25,13,33,77.6956786,12.941067199999999
2017-04-01 12:08:25 UTC,611,0.45,25,14,33,77.69577109999999,12.941087
2017-04-01 12:13:57 UTC,612,0.45,25,15,33,77.6952854,12.9398224
2017-04-01 12:18:15 UTC,613,0.48,25,15,33,77.6948074,12.9394668
2017-04-01 12:22:46 UTC,614,0.49,25,15,33,77.69217859999999,12.9401382
2017-04-01 12:26:51 UTC,615,0.5,25,15,33,77.68953590000001,12.9394491
2017-04-01 12:32:25 UTC,616,0.5,26,15,33,77.6881719,12.936427199999999
2017-04-01 12:36:46 UTC,617,0.5,26,15,33,77.6916884,12.9362064
2017-04-01 12:40:07 UTC,618,0.48,26,15,33,77.69169790000001,12.9368921
2017-04-01 12:45:36 UTC,619,0.48,26,16,33,77.69169790000001,12.9368921
2017-04-01 12:51:43 UTC,620,0.48,26,16,33,77.69169790000001,12.9368921
2017-04-01 12:56:11 UTC,621,0.47,26,16,33,77.69169790000001,12.9368921
2017-04-01 13:02:44 UTC,622,0.47,26,16,33,77.6917715,12.9369229
2017-04-01 13:07:25 UTC,623,0.47,26,16,33,77.6908509,12.9307978
2017-04-01 13:12:54 UTC,624,0.47,26,16,33,77.6700629,12.9351212
2017-04-01 13:16:24 UTC,625,0.44,27,17,33,77.6862014,12.9228305
2017-04-01 13:23:10 UTC,626,0.44,26,18,33,77.65323599999999,12.923988699999999
2017-04-01 13:28:01 UTC,627,0.43,27,18,33,77.6512985,12.9243469
2017-04-02 02:37:15 UTC,628,0.46,12,95,29,77.64772690000001,12.9244754
2017-04-02 02:41:19 UTC,629,0.46,13,95,29,77.6309531,12.9242728
2017-04-02 02:44:23 UTC,630,0.46,13,95,29,77.6292854,12.9240004
2017-04-02 02:48:44 UTC,631,0.46,13,95,29,77.6273334,12.9247161
2017-04-02 02:53:02 UTC,632,0.46,13,95,29,77.6160666,12.929350300000001
2017-04-02 02:59:06 UTC,633,0.47,14,95,29,77.6137708,12.9314549
2017-04-02 03:03:19 UTC,634,0.47,15,95,29,77.6106705,12.9340629
2017-04-02 03:08:22 UTC,635,0.47,17,93,29,77.6098006,12.9345965
2017-04-02 03:13:44 UTC,636,0.48,19,95,29,77.6058618,12.9363496
2017-04-02 03:18:57 UTC,637,0.48,19,95,29,77.6057722,12.936521899999999
2017-04-02 03:24:02 UTC,638,0.49,19,95,29,77.5994997,12.9375092
2017-04-02 03:29:34 UTC,639,0.49,19,95,29,77.598146,12.9402638
2017-04-02 03:34:28 UTC,640,0.49,19,94,29,77.59712579999999,12.941949900000001
2017-04-02 03:38:56 UTC,641,0.49,19,94,29,77.5973357,12.9434963
2017-04-02 03:44:07 UTC,642,0.5,19,94,29,77.59692690000001,12.9446819
2017-04-02 03:49:35 UTC,643,0.5,19,94,29,77.59622490000001,12.9454531
2017-04-02 03:54:45 UTC,644,0.52,18,94,29,77.5928801,12.950733300000001
2017-04-02 03:58:37 UTC,645,0.52,18,92,29,77.5880811,12.9523588
2017-04-02 04:03:20 UTC,646,0.52,18,90,29,77.58256999999999,12.954836300000002
2017-04-02 04:08:12 UTC,647,0.52,17,87,29,77.58406670000001,12.9613152
2017-04-02 04:14:43 UTC,648,0.52,17,85,29,77.5814027,12.9634501
2017-04-02 04:19:23 UTC,649,0.53,17,81,29,77.5661365,12.9628486
2017-04-02 04:23:56 UTC,650,0.53,17,79,29,77.55936899999999,12.9612672
2017-04-02 04:29:01 UTC,651,0.53,17,79,29,77.55452659999999,12.9580992
2017-04-02 04:35:49 UTC,652,0.57,17,76,29,77.5509062,12.9570246
2017-04-02 07:45:05 UTC,653,0.57,21,30,35,77.5449995,12.9553032
2017-04-02 07:49:21 UTC,654,0.57,21,30,35,77.54220500000001,12.9532787
2017-04-02 07:53:05 UTC,655,0.57,21,30,35,77.5413618,12.952620399999999
2017-04-02 08:00:33 UTC,656,0.57,21,27,35,77.536201,12.953660300000001
2017-04-02 08:05:14 UTC,657,0.57,20,25,35,77.5340167,12.9540038
2017-04-02 08:09:43 UTC,658,0.56,18,25,35,77.5282008,12.9552704
2017-04-02 08:15:16 UTC,659,0.55,17,24,35,77.5292677,12.9605478
2017-04-02 08:18:02 UTC,660,0.55,17,24,35,77.52901261840896,12.960662590435696
2017-04-02 08:22:54 UTC,661,0.55,17,24,35,77.52901261840896,12.960662590435696
2017-04-02 08:25:30 UTC,662,0.55,17,23,35,77.52901261840896,12.960662590435696
2017-04-02 08:30:32 UTC,663,0.54,17,22,35,77.52901261840896,12.960662590435696
2017-04-02 08:34:40 UTC,664,0.53,17,23,35,77.5288391,12.960763499999999
2017-04-02 08:39:23 UTC,665,0.53,18,21,35,77.5277894,12.9549119
2017-04-02 08:43:56 UTC,666,0.53,18,21,35,77.5273071,12.952544999999999
2017-04-02 08:49:01 UTC,667,0.53,19,21,35,77.5268696,12.949817999999999
2017-04-02 08:53:23 UTC,668,0.52,18,21,35,77.52668409999998,12.948322099999999
2017-04-02 08:58:11 UTC,669,0.52,19,21,35,77.52739509999999,12.945777099999999
2017-04-02 09:03:32 UTC,670,0.52,19,21,35,77.5365386,12.935068
2017-04-02 09:08:10 UTC,671,0.51,19,21,35,77.53439940000001,12.9340606
2017-04-02 09:12:28 UTC,672,0.51,19,20,35,77.53439940000001,12.9340606
2017-04-02 09:18:35 UTC,673,0.5,19,20,35,77.53585369999998,12.9331591
2017-04-02 09:23:44 UTC,674,0.5,19,20,35,77.53585369999998,12.9331591
2017-04-02 11:26:13 UTC,675,0.55,18,16,31,77.5370419,12.9335261
2017-04-02 11:31:04 UTC,676,0.59,18,16,31,77.5415656,12.932288
2017-04-02 11:36:34 UTC,677,0.6,18,16,31,77.5455963,12.9311585
2017-04-02 11:41:15 UTC,678,0.61,19,16,31,77.53668359999999,12.9342149
2017-04-02 11:47:40 UTC,679,0.61,19,16,31,77.6208559,12.927313999999999
2017-04-02 11:53:03 UTC,680,0.62,21,16,31,77.6215273,12.9273019
2017-04-02 11:57:09 UTC,681,0.6,23,17,31,77.6215535,12.927409800000001
2017-04-02 12:03:13 UTC,682,0.56,24,17,31,77.62162140000001,12.926589
2017-04-02 12:08:25 UTC,683,0.56,24,17,31,77.6214825,12.9274323
2017-04-02 12:13:57 UTC,684,0.52,24,17,31,77.6215464,12.9288756
2017-04-02 12:18:15 UTC,685,0.52,24,18,31,77.6223775,12.9304763
2017-04-02 12:22:46 UTC,686,0.52,24,18,31,77.6225119,12.9312178
2017-04-02 12:26:51 UTC,687,0.45,24,18,31,77.6241336,12.935066699999998
2017-04-02 12:32:25 UTC,688,0.48,24,18,31,77.62416479999999,12.935111099999999
2017-04-02 12:36:46 UTC,689,0.48,25,18,31,77.626099,12.936701300000001
2017-04-02 12:40:07 UTC,690,0.48,24,18,31,77.6281139,12.9359064
2017-04-02 12:45:36 UTC,691,0.48,24,18,31,77.6333144,12.929896699999999
2017-04-02 12:51:43 UTC,692,0.5,24,18,31,77.63748709999999,12.925148
2017-04-02 12:56:11 UTC,693,0.5,25,19,31,77.64011500000001,12.923829099999999
2017-04-02 13:02:44 UTC,694,0.53,25,19,31,77.6458307,12.9245381
2017-04-02 13:07:25 UTC,695,0.53,25,19,31,77.652599,12.9242673
2017-04-02 13:12:54 UTC,696,0.48,25,19,31,77.6564075,12.923387
2017-04-02 13:16:24 UTC,697,0.46,25,20,31,77.6608443,12.921877
2017-04-02 13:23:10 UTC,698,0.44,25,21,31,77.6617824,12.9216405
2017-04-02 13:28:01 UTC,699,0.43,25,21,31,77.6623187,12.921501800000001
2017-04-03 02:37:15 UTC,700,0.42,25,98,28,77.6630196,12.921303199999999
2017-04-03 02:41:19 UTC,701,0.44,25,98,28,77.66337109999999,12.9212221
2017-04-03 02:44:23 UTC,702,0.45,25,98,28,77.66516159999999,12.9208757
2017-04-03 02:48:44 UTC,703,0.46,25,98,28,77.6681559,12.922248
2017-04-03 02:53:02 UTC,704,0.46,25,98,28,77.6705315,12.9233966
2017-04-03 02:59:06 UTC,705,0.46,24,98,28,77.67103399812622,12.923647343820093
2017-04-03 03:03:19 UTC,706,0.48,23,98,28,77.67103399812622,12.923647343820093
2017-04-03 03:08:22 UTC,707,0.48,23,97,28,77.67103399812622,12.923647343820093
2017-04-03 03:13:44 UTC,708,0.48,23,97,28,77.67103399812622,12.923647343820093
2017-04-03 03:18:57 UTC,709,0.48,23,97,28,77.67156640000002,12.923847300000002
2017-04-03 03:24:02 UTC,710,0.46,23,97,28,77.6724427,12.9242174
2017-04-03 03:29:34 UTC,711,0.46,23,91,28,77.6734438,12.9246415
2017-04-03 03:34:28 UTC,712,0.46,23,92,28,77.67357779999999,12.9247681
2017-04-03 03:38:56 UTC,713,0.46,23,90,28,77.673716,12.9247294
2017-04-03 03:44:07 UTC,714,0.46,22,89,28,77.6752689,12.925505900000001
2017-04-03 03:49:35 UTC,715,0.46,22,89,28,77.67610429999999,12.926099
2017-04-03 03:54:45 UTC,716,0.46,21,85,28,77.677769,12.9267541
2017-04-03 03:58:37 UTC,717,0.46,20,85,28,77.68124990000001,12.928618400000001
2017-04-03 04:03:20 UTC,718,0.46,20,83,28,77.682916,12.929225500000001
2017-04-03 04:08:12 UTC,719,0.46,20,80,28,77.6898324,12.9342931
2017-04-03 04:14:43 UTC,720,0.46,20,78,28,77.69265290000001,12.936999
2017-04-03 04:19:23 UTC,721,0.47,20,76,28,77.69328320000001,12.9399169
2017-04-03 04:23:56 UTC,722,0.47,20,73,28,77.6880254,12.9389656
2017-04-03 04:29:01 UTC,723,0.47,20,73,28,77.6906574,12.9361709
2017-04-03 04:35:49 UTC,724,0.46,21,72,28,77.6910741,12.9399414
2017-04-03 07:45:05 UTC,725,0.38,24,30,35,77.6898243,12.9395269
2017-04-03 07:49:21 UTC,726,0.38,24,30,35,77.68971409999999,12.9400035
2017-04-03 07:53:05 UTC,727,0.38,24,30,35,77.6896146,12.9403939
2017-04-03 08:00:33 UTC,728,0.41,24,29,35,77.6902061,12.9406009
2017-04-03 08:05:14 UTC,729,0.41,25,29,35,77.6912348,12.9419302
2017-04-03 08:09:43 UTC,730,0.43,25,29,35,77.69111749999998,12.942037
2017-04-03 08:15:16 UTC,731,0.44,25,28,35,77.69111749999998,12.942037
2017-04-03 08:18:02 UTC,732,0.44,25,28,35,77.69111749999998,12.942037
2017-04-03 08:22:54 UTC,733,0.44,23,28,35,77.69111749999998,12.942037
2017-04-03 08:25:30 UTC,734,0.42,23,28,35,77.6891945,12.9427262
2017-04-03 08:30:32 UTC,735,0.42,23,27,35,77.6915534,12.941664999999999
2017-04-03 08:34:40 UTC,736,0.42,23,27,35,77.69035670000001,12.9409812
2017-04-03 08:39:23 UTC,737,0.42,23,27,35,77.6896712,12.940038699999999
2017-04-03 08:43:56 UTC,738,0.42,23,27,35,77.6896782,12.9396761
2017-04-03 08:49:01 UTC,739,0.42,22,27,35,77.6899824,12.9395748
2017-04-03 08:53:23 UTC,740,0.4,22,25,35,77.6896645,12.939410699999998
2017-04-03 08:58:11 UTC,741,0.43,22,25,35,77.6930251,12.939978
2017-04-03 09:03:32 UTC,742,0.46,22,24,35,77.6953155,12.939862
2017-04-03 09:08:10 UTC,743,0.46,22,24,35,77.6976205,12.9439129
2017-04-03 09:12:28 UTC,744,0.5,22,24,35,77.70018,12.9528644
2017-04-03 09:18:35 UTC,745,0.56,22,23,35,77.7009083,12.955496499999999
2017-04-03 09:23:44 UTC,746,0.59,22,23,35,77.7014322,12.959194199999999
2017-04-03 11:26:13 UTC,747,0.6,25,23,31,77.7015217,12.9599933
2017-04-03 11:31:04 UTC,748,0.6,25,22,31,77.701902025035,12.956887165483133
2017-04-03 11:36:34 UTC,749,0.57,25,22,31,77.701902025035,12.956887165483133
2017-04-03 11:41:15 UTC,750,0.57,25,22,31,77.701902025035,12.956887165483133
2017-04-03 11:47:40 UTC,751,0.57,24,21,31,77.701902025035,12.956887165483133
2017-04-03 11:53:03 UTC,752,0.53,23,21,31,77.7010277,12.9558867
2017-04-03 11:57:09 UTC,753,0.54,20,21,31,77.69985229999999,12.951584599999999
2017-04-03 12:03:13 UTC,754,0.52,20,21,31,77.6974348,12.9430574
2017-04-03 12:08:25 UTC,755,0.52,20,21,31,77.6912026,12.9353882
2017-04-03 12:13:57 UTC,756,0.52,20,22,31,77.6835887,12.9292046
2017-04-03 12:18:15 UTC,757,0.49,20,22,31,77.6780765,12.9265295
2017-04-03 12:22:46 UTC,758,0.49,20,22,31,77.6750421,12.924737
2017-04-03 12:26:51 UTC,759,0.46,20,22,31,77.6759816,12.9253556
2017-04-03 12:32:25 UTC,760,0.46,21,22,31,77.67775340000001,12.9267195
2017-04-03 12:36:46 UTC,761,0.46,22,22,31,77.6819974,12.9286025
2017-04-03 12:40:07 UTC,762,0.46,24,22,31,77.6901162,12.9347633
2017-04-03 12:45:36 UTC,763,0.46,25,23,31,77.6881316,12.9360979
2017-04-03 12:51:43 UTC,764,0.46,29,23,31,77.6888373,12.939214100000001
2017-04-03 12:56:11 UTC,765,0.44,30,23,31,77.6940079,12.9400314
2017-04-03 13:02:44 UTC,766,0.43,30,24,31,77.6951392,12.9391942
2017-04-03 13:07:25 UTC,767,0.43,31,24,31,77.695725,12.940579099999999
2017-04-03 13:12:54 UTC,768,0.43,31,24,31,77.6956848,12.9410673
2017-04-03 13:16:24 UTC,769,0.44,31,24,31,77.6956786,12.941067199999999
2017-04-03 13:23:10 UTC,770,0.47,31,22,31,77.69577109999999,12.941087
2017-04-03 13:28:01 UTC,771,0.44,31,23,31,77.6952854,12.9398224
2017-04-04 02:37:15 UTC,772,0.47,29,98,29,77.6948074,12.9394668
2017-04-04 02:41:19 UTC,773,0.47,29,98,29,77.69217859999999,12.9401382
2017-04-04 02:44:23 UTC,774,0.47,29,97,29,77.68953590000001,12.9394491
2017-04-04 02:48:44 UTC,775,0.47,29,97,29,77.6881719,12.936427199999999
2017-04-04 02:53:02 UTC,776,0.47,29,93,29,77.6916884,12.9362064
2017-04-04 02:59:06 UTC,777,0.47,29,92,29,77.69169790000001,12.9368921
2017-04-04 03:03:19 UTC,778,0.47,30,90,29,77.69169790000001,12.9368921
2017-04-04 03:08:22 UTC,779,0.48,30,87,29,77.69169790000001,12.9368921
2017-04-04 03:13:44 UTC,780,0.48,30,87,29,77.69169790000001,12.9368921
2017-04-04 03:18:57 UTC,781,0.48,31,85,29,77.6917715,12.9369229
2017-04-04 03:24:02 UTC,782,0.5,31,83,29,77.6908509,12.9307978
2017-04-04 03:29:34 UTC,783,0.5,31,84,29,77.6700629,12.9351212
2017-04-04 03:34:28 UTC,784,0.5,31,82,29,77.6862014,12.9228305
2017-04-04 03:38:56 UTC,785,0.52,31,80,29,77.65323599999999,12.923988699999999
2017-04-04 03:44:07 UTC,786,0.52,31,76,29,77.6512985,12.9243469
2017-04-04 03:49:35 UTC,787,0.54,31,73,29,77.64772690000001,12.9244754
2017-04-04 03:54:45 UTC,788,0.54,31,71,29,77.6309531,12.9242728
2017-04-04 03:58:37 UTC,789,0.57,30,70,29,77.6292854,12.9240004
2017-04-04 04:03:20 UTC,790,0.57,30,69,29,77.6273334,12.9247161
2017-04-04 04:08:12 UTC,791,0.57,30,69,29,77.6160666,12.929350300000001
2017-04-04 04:14:43 UTC,792,0.59,30,69,29,77.6137708,12.9314549
2017-04-04 04:19:23 UTC,793,0.6,30,66,29,77.6106705,12.9340629
2017-04-04 04:23:56 UTC,794,0.62,30,64,29,77.6098006,12.9345965
2017-04-04 04:29:01 UTC,795,0.63,30,61,29,77.6058618,12.9363496
2017-04-04 04:35:49 UTC,796,0.63,30,61,29,77.6057722,12.936521899999999
2017-04-04 07:45:05 UTC,797,0.7,19,29,35,77.5994997,12.9375092
2017-04-04 07:49:21 UTC,798,0.7,19,29,35,77.598146,12.9402638
2017-04-04 07:53:05 UTC,799,0.67,19,29,35,77.59712579999999,12.941949900000001
2017-04-04 08:00:33 UTC,800,0.62,17,28,35,77.5973357,12.9434963
2017-04-04 08:05:14 UTC,801,0.62,16,29,35,77.59692690000001,12.9446819
2017-04-04 08:09:43 UTC,802,0.62,15,28,35,77.59622490000001,12.9454531
2017-04-04 08:15:16 UTC,803,0.58,12,26,35,77.5928801,12.950733300000001
2017-04-04 08:18:02 UTC,804,0.58,10,26,35,77.5880811,12.9523588
2017-04-04 08:22:54 UTC,805,0.54,10,24,35,77.58256999999999,12.954836300000002
2017-04-04 08:25:30 UTC,806,0.56,10,25,35,77.58406670000001,12.9613152
2017-04-04 08:30:32 UTC,807,0.56,10,26,35,77.5814027,12.9634501
2017-04-04 08:34:40 UTC,808,0.56,12,25,35,77.5661365,12.9628486
2017-04-04 08:39:23 UTC,809,0.56,13,23,35,77.55936899999999,12.9612672
2017-04-04 08:43:56 UTC,810,0.54,14,24,35,77.55452659999999,12.9580992
2017-04-04 08:49:01 UTC,811,0.54,17,24,35,77.5509062,12.9570246
2017-04-04 08:53:23 UTC,812,0.54,20,23,35,77.5449995,12.9553032
2017-04-04 08:58:11 UTC,813,0.54,20,23,35,77.54220500000001,12.9532787
2017-04-04 09:03:32 UTC,814,0.57,20,22,35,77.5413618,12.952620399999999
2017-04-04 09:08:10 UTC,815,0.57,21,22,35,77.536201,12.953660300000001
2017-04-04 09:12:28 UTC,816,0.59,21,21,35,77.5340167,12.9540038
2017-04-04 09:18:35 UTC,817,0.59,21,22,35,77.5282008,12.9552704
2017-04-04 09:23:44 UTC,818,0.59,21,21,35,77.5292677,12.9605478
2017-04-04 11:26:13 UTC,819,0.6,21,26,30,77.52901261840896,12.960662590435696
2017-04-04 11:31:04 UTC,820,0.6,21,26,30,77.52901261840896,12.960662590435696
2017-04-04 11:36:34 UTC,821,0.59,21,26,30,77.52901261840896,12.960662590435696
2017-04-04 11:41:15 UTC,822,0.6,21,26,30,77.52901261840896,12.960662590435696
2017-04-04 11:47:40 UTC,823,0.58,22,25,30,77.5288391,12.960763499999999
2017-04-04 11:53:03 UTC,824,0.55,23,25,30,77.5277894,12.9549119
2017-04-04 11:57:09 UTC,825,0.55,25,24,30,77.5273071,12.952544999999999
2017-04-04 12:03:13 UTC,826,0.52,27,24,30,77.5268696,12.949817999999999
2017-04-04 12:08:25 UTC,827,0.48,30,24,30,77.52668409999998,12.948322099999999
2017-04-04 12:13:57 UTC,828,0.49,32,24,30,77.52739509999999,12.945777099999999
2017-04-04 12:18:15 UTC,829,0.5,33,24,30,77.5365386,12.935068
2017-04-04 12:22:46 UTC,830,0.53,32,24,30,77.53439940000001,12.9340606
2017-04-04 12:26:51 UTC,831,0.56,32,25,30,77.53439940000001,12.9340606
2017-04-04 12:32:25 UTC,832,0.56,32,25,30,77.53585369999998,12.9331591
2017-04-04 12:36:46 UTC,833,0.56,32,25,30,77.53585369999998,12.9331591
2017-04-04 12:40:07 UTC,834,0.56,30,25,30,77.5370419,12.9335261
2017-04-04 12:45:36 UTC,835,0.53,28,26,30,77.5415656,12.932288
2017-04-04 12:51:43 UTC,836,0.52,27,26,30,77.5455963,12.9311585
2017-04-04 12:56:11 UTC,837,0.5,27,26,30,77.53668359999999,12.9342149
2017-04-04 13:02:44 UTC,838,0.5,27,27,30,77.6208559,12.927313999999999
2017-04-04 13:07:25 UTC,839,0.5,27,27,30,77.6215273,12.9273019
2017-04-04 13:12:54 UTC,840,0.48,27,27,30,77.6215535,12.927409800000001
2017-04-04 13:16:24 UTC,841,0.48,27,28,30,77.62162140000001,12.926589
2017-04-04 13:23:10 UTC,842,0.46,27,29,30,77.6214825,12.9274323
2017-04-04 13:28:01 UTC,843,0.46,26,29,30,77.6215464,12.9288756
2017-04-05 02:37:15 UTC,844,0.6,15,99,29,77.6223775,12.9304763
2017-04-05 02:41:19 UTC,845,0.6,16,99,29,77.6225119,12.9312178
2017-04-05 02:44:23 UTC,846,0.6,15,99,29,77.6241336,12.935066699999998
2017-04-05 02:48:44 UTC,847,0.56,16,99,29,77.62416479999999,12.935111099999999
2017-04-05 02:53:02 UTC,848,0.54,16,99,29,77.626099,12.936701300000001
2017-04-05 02:59:06 UTC,849,0.54,16,99,29,77.6281139,12.9359064
2017-04-05 03:03:19 UTC,850,0.54,17,99,29,77.6333144,12.929896699999999
2017-04-05 03:08:22 UTC,851,0.54,18,99,29,77.63748709999999,12.925148
2017-04-05 03:13:44 UTC,852,0.54,20,99,29,77.64011500000001,12.923829099999999
2017-04-05 03:18:57 UTC,853,0.55,24,99,29,77.6458307,12.9245381
2017-04-05 03:24:02 UTC,854,0.53,22,98,29,77.652599,12.9242673
2017-04-05 03:29:34 UTC,855,0.53,24,98,29,77.6564075,12.923387
2017-04-05 03:34:28 UTC,856,0.53,24,98,29,77.6608443,12.921877
2017-04-05 03:38:56 UTC,857,0.53,24,98,29,77.6617824,12.9216405
2017-04-05 03:44:07 UTC,858,0.5,23,95,29,77.6623187,12.921501800000001
2017-04-05 03:49:35 UTC,859,0.5,23,92,29,77.6630196,12.921303199999999
2017-04-05 03:54:45 UTC,860,0.5,23,89,29,77.66337109999999,12.9212221
2017-04-05 03:58:37 UTC,861,0.48,19,88,29,77.66516159999999,12.9208757
2017-04-05 04:03:20 UTC,862,0.47,19,85,29,77.6681559,12.922248
2017-04-05 04:08:12 UTC,863,0.45,19,83,29,77.6705315,12.9233966
2017-04-05 04:14:43 UTC,864,0.44,19,83,29,77.67103399812622,12.923647343820093
2017-04-05 04:19:23 UTC,865,0.44,19,80,29,77.67103399812622,12.923647343820093
2017-04-05 04:23:56 UTC,866,0.43,19,78,29,77.67103399812622,12.923647343820093
2017-04-05 04:29:01 UTC,867,0.4,19,77,29,77.67103399812622,12.923647343820093
2017-04-05 07:45:05 UTC,868,0.62,11,35,34,77.67156640000002,12.923847300000002
2017-04-05 07:49:21 UTC,869,0.62,10,35,34,77.6724427,12.9242174
2017-04-05 07:53:05 UTC,870,0.62,10,35,34,77.6734438,12.9246415
2017-04-05 08:00:33 UTC,871,0.62,11,33,34,77.67357779999999,12.9247681
2017-04-05 08:05:14 UTC,872,0.58,11,33,34,77.673716,12.9247294
2017-04-05 08:09:43 UTC,873,0.55,11,33,34,77.6752689,12.925505900000001
2017-04-05 08:15:16 UTC,874,0.53,11,32,34,77.67610429999999,12.926099
2017-04-05 08:18:02 UTC,875,0.53,11,33,34,77.677769,12.9267541
2017-04-05 08:22:54 UTC,876,0.53,11,33,34,77.68124990000001,12.928618400000001
2017-04-05 08:25:30 UTC,877,0.47,11,33,34,77.682916,12.929225500000001
2017-04-05 08:30:32 UTC,878,0.47,10,31,34,77.6898324,12.9342931
2017-04-05 08:34:40 UTC,879,0.47,10,30,34,77.69265290000001,12.936999
2017-04-05 08:39:23 UTC,880,0.43,9,30,34,77.69328320000001,12.9399169
2017-04-05 08:43:56 UTC,881,0.4,9,29,34,77.6880254,12.9389656
2017-04-05 08:49:01 UTC,882,0.36,9,28,34,77.6906574,12.9361709
2017-04-05 08:53:23 UTC,883,0.33,9,28,34,77.6910741,12.9399414
2017-04-05 08:58:11 UTC,884,0.3,7,28,34,77.6898243,12.9395269
2017-04-05 09:03:32 UTC,885,0.32,7,28,34,77.68971409999999,12.9400035
2017-04-05 09:08:10 UTC,886,0.36,7,28,34,77.6896146,12.9403939
2017-04-05 09:12:28 UTC,887,0.4,7,28,34,77.6902061,12.9406009
2017-04-05 09:18:35 UTC,888,0.4,7,27,34,77.6912348,12.9419302
2017-04-05 09:23:44 UTC,889,0.43,7,27,34,77.69111749999998,12.942037
2017-04-05 11:26:13 UTC,890,0.56,30,34,32,77.69111749999998,12.942037
2017-04-05 11:31:04 UTC,891,0.56,30,33,32,77.69111749999998,12.942037
2017-04-05 11:36:34 UTC,892,0.56,30,33,32,77.69111749999998,12.942037
2017-04-05 11:41:15 UTC,893,0.6,30,33,32,77.6891945,12.9427262
2017-04-05 11:47:40 UTC,894,0.63,30,36,32,77.6915534,12.941664999999999
2017-04-05 11:53:03 UTC,895,0.63,29,36,32,77.69035670000001,12.9409812
2017-04-05 11:57:09 UTC,896,0.63,29,37,32,77.6896712,12.940038699999999
2017-04-05 12:03:13 UTC,897,0.66,29,43,32,77.6896782,12.9396761
2017-04-05 12:08:25 UTC,898,0.67,29,43,32,77.6899824,12.9395748
2017-04-05 12:13:57 UTC,899,0.67,29,43,32,77.6896645,12.939410699999998
2017-04-05 12:18:15 UTC,900,0.6,29,43,32,77.6930251,12.939978
2017-04-05 12:22:46 UTC,901,0.61,29,43,32,77.6953155,12.939862
2017-04-05 12:26:51 UTC,902,0.61,30,43,32,77.6976205,12.9439129
2017-04-05 12:32:25 UTC,903,0.55,30,43,32,77.70018,12.9528644
2017-04-05 12:36:46 UTC,904,0.52,30,45,32,77.7009083,12.955496499999999
2017-04-05 12:40:07 UTC,905,0.52,30,45,32,77.7014322,12.959194199999999
2017-04-05 12:45:36 UTC,906,0.52,31,45,32,77.7015217,12.9599933
2017-04-05 12:51:43 UTC,907,0.51,31,45,32,77.701902025035,12.956887165483133
2017-04-05 12:56:11 UTC,908,0.5,31,45,32,77.701902025035,12.956887165483133
2017-04-05 13:02:44 UTC,909,0.5,31,44,32,77.701902025035,12.956887165483133
2017-04-05 13:07:25 UTC,910,0.5,31,45,32,77.701902025035,12.956887165483133
2017-04-05 13:12:54 UTC,911,0.5,31,45,32,77.7010277,12.9558867
2017-04-05 13:16:24 UTC,912,0.52,31,43,32,77.69985229999999,12.951584599999999
2017-04-05 13:23:10 UTC,913,0.53,31,42,32,77.6974348,12.9430574
2017-04-05 13:28:01 UTC,914,0.53,31,42,32,77.6912026,12.9353882
2017-04-07 02:37:15 UTC,915,0.44,12,97,29,77.6835887,12.9292046
2017-04-07 02:41:19 UTC,916,0.44,12,98,29,77.6780765,12.9265295
2017-04-07 02:44:23 UTC,917,0.44,12,95,29,77.6750421,12.924737
2017-04-07 02:48:44 UTC,918,0.4,12,93,29,77.6759816,12.9253556
2017-04-07 02:53:02 UTC,919,0.39,12,93,29,77.67775340000001,12.9267195
2017-04-07 02:59:06 UTC,920,0.39,12,93,29,77.6819974,12.9286025
2017-04-07 03:03:19 UTC,921,0.41,13,92,29,77.6901162,12.9347633
2017-04-07 03:08:22 UTC,922,0.44,12,87,29,77.6881316,12.9360979
2017-04-07 03:13:44 UTC,923,0.42,13,85,29,77.6888373,12.939214100000001
2017-04-07 03:18:57 UTC,924,0.42,13,83,29,77.6940079,12.9400314
2017-04-07 03:24:02 UTC,925,0.42,13,83,29,77.6951392,12.9391942
2017-04-07 03:29:34 UTC,926,0.41,13,81,29,77.695725,12.940579099999999
2017-04-07 03:34:28 UTC,927,0.4,13,82,29,77.6956848,12.9410673
2017-04-07 03:38:56 UTC,928,0.37,13,80,29,77.6956786,12.941067199999999
2017-04-07 03:44:07 UTC,929,0.37,13,78,29,77.69577109999999,12.941087
2017-04-07 03:49:35 UTC,930,0.36,13,76,29,77.6952854,12.9398224
2017-04-07 03:54:45 UTC,931,0.32,14,76,29,77.6948074,12.9394668
2017-04-07 03:58:37 UTC,932,0.3,14,75,29,77.69217859999999,12.9401382
2017-04-07 04:03:20 UTC,933,0.3,14,75,29,77.68953590000001,12.9394491
2017-04-07 04:08:12 UTC,934,0.27,14,74,29,77.6881719,12.936427199999999
2017-04-07 04:14:43 UTC,935,0.28,15,73,29,77.6916884,12.9362064
2017-04-07 04:19:23 UTC,936,0.28,16,73,29,77.69169790000001,12.9368921
2017-04-07 04:23:56 UTC,937,0.33,16,72,29,77.69169790000001,12.9368921
2017-04-07 04:29:01 UTC,938,0.35,16,71,29,77.69169790000001,12.9368921
2017-04-07 04:35:49 UTC,939,0.37,16,71,29,77.69169790000001,12.9368921
2017-04-07 07:45:05 UTC,940,0.34,13,32,34,77.6917715,12.9369229
2017-04-07 07:49:21 UTC,941,0.34,14,30,34,77.6908509,12.9307978
2017-04-07 07:53:05 UTC,942,0.34,13,31,34,77.6700629,12.9351212
2017-04-07 08:00:33 UTC,943,0.32,13,31,34,77.6862014,12.9228305
2017-04-07 08:05:14 UTC,944,0.32,13,31,34,77.65323599999999,12.923988699999999
2017-04-07 08:09:43 UTC,945,0.32,13,30,34,77.6512985,12.9243469
2017-04-07 08:15:16 UTC,946,0.3,13,31,34,77.64772690000001,12.9244754
2017-04-07 08:18:02 UTC,947,0.32,13,30,34,77.6309531,12.9242728
2017-04-07 08:22:54 UTC,948,0.35,14,28,34,77.6292854,12.9240004
2017-04-07 08:25:30 UTC,949,0.4,13,28,34,77.6273334,12.9247161
2017-04-07 08:30:32 UTC,950,0.42,13,28,34,77.6160666,12.929350300000001
2017-04-07 08:34:40 UTC,951,0.42,15,28,34,77.6137708,12.9314549
2017-04-07 08:39:23 UTC,952,0.45,16,27,34,77.6106705,12.9340629
2017-04-07 08:43:56 UTC,953,0.48,16,27,34,77.6098006,12.9345965
2017-04-07 08:49:01 UTC,954,0.53,16,26,34,77.6058618,12.9363496
2017-04-07 08:53:23 UTC,955,0.55,16,25,34,77.6057722,12.936521899999999
2017-04-07 08:58:11 UTC,956,0.55,16,25,34,77.5994997,12.9375092
2017-04-07 09:03:32 UTC,957,0.55,19,24,34,77.598146,12.9402638
2017-04-07 09:08:10 UTC,958,0.55,23,25,34,77.59712579999999,12.941949900000001
2017-04-07 09:12:28 UTC,959,0.55,23,24,34,77.5973357,12.9434963
2017-04-07 09:18:35 UTC,960,0.55,23,23,34,77.59692690000001,12.9446819
2017-04-07 09:23:44 UTC,961,0.58,24,23,34,77.59622490000001,12.9454531
2017-04-07 11:26:13 UTC,962,0.5,18,23,32,77.5928801,12.950733300000001
2017-04-07 11:31:04 UTC,963,0.5,18,23,32,77.5880811,12.9523588
2017-04-07 11:36:34 UTC,964,0.5,18,23,32,77.58256999999999,12.954836300000002
2017-04-07 11:41:15 UTC,965,0.5,18,23,32,77.58406670000001,12.9613152
2017-04-07 11:47:40 UTC,966,0.5,18,24,32,77.5814027,12.9634501
2017-04-07 11:53:03 UTC,967,0.5,18,24,32,77.5661365,12.9628486
2017-04-07 11:57:09 UTC,968,0.52,19,24,32,77.55936899999999,12.9612672
2017-04-07 12:03:13 UTC,969,0.52,19,24,32,77.55452659999999,12.9580992
2017-04-07 12:08:25 UTC,970,0.52,19,24,32,77.5509062,12.9570246
2017-04-07 12:13:57 UTC,971,0.54,21,24,32,77.5449995,12.9553032
2017-04-07 12:18:15 UTC,972,0.53,21,24,32,77.54220500000001,12.9532787
2017-04-07 12:22:46 UTC,973,0.5,21,24,32,77.5413618,12.952620399999999
2017-04-07 12:26:51 UTC,974,0.5,20,24,32,77.536201,12.953660300000001
2017-04-07 12:32:25 UTC,975,0.47,22,24,32,77.5340167,12.9540038
2017-04-07 12:36:46 UTC,976,0.47,22,25,32,77.5282008,12.9552704
2017-04-07 12:40:07 UTC,977,0.44,22,25,32,77.5292677,12.9605478
2017-04-07 12:45:36 UTC,978,0.44,22,25,32,77.52901261840896,12.960662590435696
2017-04-07 12:51:43 UTC,979,0.38,22,26,32,77.52901261840896,12.960662590435696
2017-04-07 12:56:11 UTC,980,0.38,24,29,32,77.52901261840896,12.960662590435696
2017-04-07 13:02:44 UTC,981,0.41,27,29,32,77.52901261840896,12.960662590435696
2017-04-07 13:07:25 UTC,982,0.43,27,30,32,77.5288391,12.960763499999999
2017-04-07 13:12:54 UTC,983,0.46,27,32,32,77.5277894,12.9549119
2017-04-07 13:16:24 UTC,984,0.47,27,34,32,77.5273071,12.952544999999999
2017-04-07 13:23:10 UTC,985,0.5,27,35,32,77.5268696,12.949817999999999
2017-04-07 13:28:01 UTC,986,0.44,27,35,32,77.52668409999998,12.948322099999999
2017-04-08 02:37:15 UTC,987,0.5,27,66,29,77.52739509999999,12.945777099999999
2017-04-08 02:41:19 UTC,988,0.55,27,66,29,77.5365386,12.935068
2017-04-08 02:44:23 UTC,989,0.55,27,64,29,77.53439940000001,12.9340606
2017-04-08 02:48:44 UTC,990,0.58,27,64,29,77.53439940000001,12.9340606
2017-04-08 02:53:02 UTC,991,0.6,27,63,29,77.53585369999998,12.9331591
2017-04-08 02:59:06 UTC,992,0.64,25,61,29,77.53585369999998,12.9331591
2017-04-08 03:03:19 UTC,993,0.69,24,61,29,77.5370419,12.9335261
2017-04-08 03:08:22 UTC,994,0.69,22,59,29,77.5415656,12.932288
2017-04-08 03:13:44 UTC,995,0.69,22,57,29,77.5455963,12.9311585
2017-04-08 03:18:57 UTC,996,0.58,20,57,29,77.53668359999999,12.9342149
2017-04-08 03:24:02 UTC,997,0.55,16,56,29,77.6208559,12.927313999999999
2017-04-08 03:29:34 UTC,998,0.51,15,56,29,77.6215273,12.9273019
2017-04-08 03:34:28 UTC,999,0.5,15,56,29,77.6215535,12.927409800000001
2017-04-08 03:38:56 UTC,1000,0.51,15,56,29,77.62162140000001,12.926589
2017-04-08 03:44:07 UTC,1001,0.51,15,55,29,77.6214825,12.9274323
2017-04-08 03:49:35 UTC,1002,0.51,15,53,29,77.6215464,12.9288756
2017-04-08 03:54:45 UTC,1003,0.47,15,51,29,77.6223775,12.9304763
2017-04-08 03:58:37 UTC,1004,0.47,18,51,29,77.6225119,12.9312178
2017-04-08 04:03:20 UTC,1005,0.47,20,51,29,77.6241336,12.935066699999998
2017-04-08 04:08:12 UTC,1006,0.43,23,50,29,77.62416479999999,12.935111099999999
2017-04-08 04:14:43 UTC,1007,0.4,23,49,29,77.626099,12.936701300000001
2017-04-08 04:19:23 UTC,1008,0.4,23,48,29,77.6281139,12.9359064
2017-04-08 04:23:56 UTC,1009,0.4,23,49,29,77.6333144,12.929896699999999
2017-04-08 04:29:01 UTC,1010,0.4,23,49,29,77.63748709999999,12.925148
2017-04-08 04:35:49 UTC,1011,0.4,24,49,29,77.64011500000001,12.923829099999999
2017-04-08 07:45:05 UTC,1012,0.5,19,24,35,77.6458307,12.9245381
2017-04-08 07:49:21 UTC,1013,0.5,20,23,35,77.652599,12.9242673
2017-04-08 07:53:05 UTC,1014,0.5,20,22,35,77.6564075,12.923387
2017-04-08 08:00:33 UTC,1015,0.5,20,22,35,77.6608443,12.921877
2017-04-08 08:05:14 UTC,1016,0.47,20,22,35,77.6617824,12.9216405
2017-04-08 08:09:43 UTC,1017,0.43,16,22,35,77.6623187,12.921501800000001
2017-04-08 08:15:16 UTC,1018,0.4,16,22,35,77.6630196,12.921303199999999
2017-04-08 08:18:02 UTC,1019,0.4,16,21,35,77.66337109999999,12.9212221
2017-04-08 08:22:54 UTC,1020,0.39,16,20,35,77.66516159999999,12.9208757
2017-04-08 08:25:30 UTC,1021,0.39,16,21,35,77.6681559,12.922248
2017-04-08 08:30:32 UTC,1022,0.36,16,19,35,77.6705315,12.9233966
2017-04-08 08:34:40 UTC,1023,0.36,16,19,35,77.67103399812622,12.923647343820093
2017-04-08 08:39:23 UTC,1024,0.33,16,19,35,77.67103399812622,12.923647343820093
2017-04-08 08:43:56 UTC,1025,0.3,16,19,35,77.67103399812622,12.923647343820093
2017-04-08 08:49:01 UTC,1026,0.3,16,18,35,77.67103399812622,12.923647343820093
2017-04-08 08:53:23 UTC,1027,0.3,18,19,35,77.67156640000002,12.923847300000002
2017-04-08 08:58:11 UTC,1028,0.3,17,19,35,77.6724427,12.9242174
2017-04-08 09:03:32 UTC,1029,0.29,17,17,35,77.6734438,12.9246415
2017-04-08 09:08:10 UTC,1030,0.27,17,18,35,77.67357779999999,12.9247681
2017-04-08 09:12:28 UTC,1031,0.27,17,17,35,77.673716,12.9247294
2017-04-08 09:18:35 UTC,1032,0.27,17,17,35,77.6752689,12.925505900000001
2017-04-08 09:23:44 UTC,1033,0.25,17,17,35,77.67610429999999,12.926099
2017-04-08 11:26:13 UTC,1034,0.5,17,16,31,77.677769,12.9267541
2017-04-08 11:31:04 UTC,1035,0.53,17,16,31,77.68124990000001,12.928618400000001
2017-04-08 11:36:34 UTC,1036,0.53,17,16,31,77.682916,12.929225500000001
2017-04-08 11:41:15 UTC,1037,0.53,17,17,31,77.6898324,12.9342931
2017-04-08 11:47:40 UTC,1038,0.53,17,18,31,77.69265290000001,12.936999
2017-04-08 11:53:03 UTC,1039,0.57,17,17,31,77.69328320000001,12.9399169
2017-04-08 11:57:09 UTC,1040,0.6,18,18,31,77.6880254,12.9389656
2017-04-08 12:03:13 UTC,1041,0.6,18,18,31,77.6906574,12.9361709
2017-04-08 12:08:25 UTC,1042,0.6,18,19,31,77.6910741,12.9399414
2017-04-08 12:13:57 UTC,1043,0.64,18,19,31,77.6898243,12.9395269
2017-04-08 12:18:15 UTC,1044,0.69,18,20,31,77.68971409999999,12.9400035
2017-04-08 12:22:46 UTC,1045,0.7,18,20,31,77.6896146,12.9403939
2017-04-08 12:26:51 UTC,1046,0.7,18,20,31,77.6902061,12.9406009
2017-04-08 12:32:25 UTC,1047,0.7,19,21,31,77.6912348,12.9419302
2017-04-08 12:36:46 UTC,1048,0.69,20,21,31,77.69111749999998,12.942037
2017-04-08 12:40:07 UTC,1049,0.7,20,21,31,77.69111749999998,12.942037
2017-04-08 12:45:36 UTC,1050,0.76,20,22,31,77.69111749999998,12.942037
2017-04-08 12:51:43 UTC,1051,0.74,20,22,31,77.69111749999998,12.942037
2017-04-08 12:56:11 UTC,1052,0.74,22,22,31,77.6891945,12.9427262
2017-04-08 13:02:44 UTC,1053,0.74,22,22,31,77.6915534,12.941664999999999
2017-04-08 13:07:25 UTC,1054,0.74,22,22,31,77.69035670000001,12.9409812
2017-04-08 13:12:54 UTC,1055,0.74,22,22,31,77.6896712,12.940038699999999
2017-04-08 13:16:24 UTC,1056,0.74,22,22,31,77.6896782,12.9396761
2017-04-08 13:23:10 UTC,1057,0.74,22,23,31,77.6899824,12.9395748
2017-04-08 13:28:01 UTC,1058,0.74,23,23,31,77.6896645,12.939410699999998
